50071,41418,49184,47549,50392,41169,47346,43112,376,1361,279,48976,613,1366,46449,46307,42597,1650,64.42,HIGH
1189,1037,47549,50408,41169,581,41929,545,45899,1014,43112,50412,613,47241,51816,43408,1650,62.61,HIGH
220,1037,45759,46862,41169,1659,41929,41176,45899,43112,376,1361,272,48976,613,1366,46460,46667,1650,61.14,HIGH
50071,220,41418,49184,47549,50392,41169,47346,52438,43112,376,1361,48976,613,1366,42818,46449,46307,42597,1650,59.96,HIGH
50071,49184,41169,9,1363,49421,545,41176,52438,43112,279,613,1367,1366,436,42992,46307,42597,42804,59.77,HIGH
50071,1037,47549,50408,41169,1659,581,41929,545,45899,43112,272,613,47241,51816,43408,46460,1365,1650,59.65,HIGH
50071,41418,1037,50408,41169,581,41929,545,48099,45899,43112,272,613,47241,43408,46460,1365,1650,59.64,HIGH
50071,1037,47549,41169,50408,1659,581,41929,545,45899,1014,43112,272,613,43408,46460,1650,59.49,HIGH
50071,49184,41169,9,49421,545,41176,47346,52438,43112,279,613,1367,436,42992,42818,46307,42597,42804,59.42,HIGH
50071,49184,41169,9,49421,545,47346,41176,52438,43112,279,613,1367,43408,436,42992,46307,42597,42804,59.31,HIGH
1189,50071,220,41418,49184,47549,50392,41169,47346,43112,376,1361,48976,613,1366,46449,46307,42597,1650,59.29,HIGH
50071,41418,49184,47549,50392,41169,47346,52438,43112,376,1361,48976,613,1366,42818,46449,46307,42597,1650,59.27,HIGH
50071,220,41418,47549,50392,41169,1363,47346,43112,376,1361,48976,613,1366,42818,46449,46307,42597,1650,59.18,HIGH
41418,1037,41169,50408,581,41929,545,45899,43112,272,613,47241,51816,43408,46460,1365,1650,59.16,HIGH
50071,49184,48002,41169,9,49421,545,41176,47346,52438,43112,279,613,436,43408,42992,46307,42597,42804,59.02,HIGH
50071,49184,48002,41169,9,1363,49421,545,41176,52438,43112,279,613,436,42992,42818,46307,42597,42804,59.0,HIGH
1037,47549,50408,41169,1659,41929,45899,1014,43112,1361,272,48976,613,1366,43408,1186,46460,1650,58.88,HIGH
50071,49184,48002,9,41169,49421,545,41176,52438,43112,279,613,436,43408,42992,42818,46307,42597,42804,58.85,HIGH
41418,1037,41169,50408,1659,581,41929,545,45899,43112,272,613,47241,51816,43408,46460,1365,1650,58.84,HIGH
50071,49184,41169,9,49421,545,41176,47346,52438,43112,279,46495,613,43408,436,42992,42818,46307,42046,42597,58.8,HIGH
1037,41169,50408,1659,581,41929,545,45899,43112,272,50412,613,47241,51816,43408,46460,1365,1650,58.78,HIGH
50071,49184,41169,9,49421,545,41176,52438,43112,279,613,1366,436,43408,42992,42818,46307,42597,42804,58.72,HIGH
50071,220,41418,49184,50392,41169,47346,43112,376,1361,48976,613,1366,42818,46449,46307,42597,1650,58.67,HIGH
50071,49184,41169,9,49421,545,41176,52438,43112,279,613,436,43408,42992,42818,46307,42046,42597,42804,58.63,HIGH
50071,49184,48002,9,41169,49421,545,41176,52438,43112,279,613,1367,436,42992,42818,46307,42597,42804,58.62,HIGH
50071,49184,41169,9,49421,545,41176,52438,43112,279,613,1367,1366,43408,436,42992,46307,42597,42804,58.59,HIGH
50071,220,41418,49184,47549,50392,41169,47346,43112,376,1361,48976,613,1366,1186,46449,46307,42597,1650,58.55,HIGH
1037,41169,50408,1659,581,545,45899,43112,272,613,47241,51816,43408,46460,1365,1650,58.54,HIGH
50071,220,41418,49184,50392,41169,47346,43112,376,1361,272,48976,613,1366,42818,46449,46307,42597,1650,58.48,HIGH
50071,49184,41169,9,1363,49421,545,41176,52438,43112,279,613,1366,436,43408,42992,46307,42597,42804,58.42,HIGH
41418,1037,41169,50408,1659,581,41929,545,45899,43112,272,613,47241,51816,43408,46460,1365,1650,58.41,HIGH
50071,220,41418,49184,47549,50392,41169,47346,52438,43112,376,1361,48976,613,1366,42818,46449,46307,42597,1650,58.31,HIGH
41418,1037,41169,50408,581,41929,545,48099,45899,43112,272,613,47241,51816,43408,46460,1365,1650,58.3,HIGH
41418,1037,49184,50408,41169,581,41929,545,45899,48099,43112,272,613,47241,51816,43408,46460,1365,1650,58.11,HIGH
1037,50408,41169,1659,581,41929,545,45899,43112,272,613,47241,51816,43408,46460,1365,1650,58.06,HIGH
50071,49184,41169,9,1363,49421,545,41176,52438,43112,279,613,1367,43408,436,42992,46307,42597,42804,57.96,HIGH
41418,1037,50408,41169,581,41929,545,45899,48099,43112,272,50412,613,47241,43408,46460,1365,1650,57.9,HIGH
50071,41418,49184,47549,50392,41169,47346,43112,376,1361,48976,613,1366,42818,46449,46307,42597,1650,57.89,HIGH
1037,50408,41169,581,41929,545,45899,43112,272,613,1366,47241,51816,43408,41683,46460,1365,1650,57.84,HIGH
50071,220,41418,49184,47549,50392,41169,47346,52438,43112,376,1361,48976,613,1366,42818,46449,46307,42597,1650,57.79,HIGH
41418,1037,47549,41169,50408,581,41929,545,45899,43112,272,613,47241,51816,43408,46460,1365,1650,57.79,HIGH
50071,49184,48002,41169,9,1363,545,41176,43112,279,613,1367,1366,436,43408,42992,46307,42597,42804,57.75,HIGH
50071,220,41418,49184,47549,50392,41169,47346,52438,43112,376,1361,48976,613,1366,46449,46307,42597,1650,57.73,HIGH
1037,50408,41169,1659,581,41929,545,45899,43112,272,613,47241,51816,43408,46460,1365,1650,57.72,HIGH
41418,1037,41169,50408,581,41929,545,45899,43112,272,613,47241,51816,43408,46460,1365,1650,57.59,HIGH
50071,220,41418,49184,50392,41169,47346,43112,376,1361,48976,613,1366,42992,42818,46449,46307,42597,1650,57.53,HIGH
50071,49184,41169,9,49421,545,41176,52438,43112,279,613,1367,436,42992,42818,46307,42597,42804,57.52,HIGH
50071,220,41418,49184,47549,50392,41169,47346,43112,376,1361,49019,48976,613,1366,46449,46307,42597,1650,57.5,HIGH
50071,220,41418,49184,50392,41169,47346,43112,376,1361,48976,613,1367,1366,42818,46449,46307,42597,1650,57.47,HIGH
50071,49184,41169,9,49421,545,41176,52438,43112,279,613,1367,436,43408,42992,46307,42597,42804,57.44,HIGH
50071,41418,49184,47549,50392,41169,1363,47346,43112,376,1361,48976,613,1366,42818,46449,46307,42597,1650,57.42,HIGH
50071,49184,48002,41169,9,49421,545,41176,43112,279,613,1367,1366,436,43408,42992,46307,42597,42804,57.41,HIGH
50071,41418,1037,50408,41169,581,41929,545,45899,48099,43112,272,613,47241,51816,43408,46460,1365,1650,57.32,HIGH
50071,49184,41169,9,42598,49421,545,47346,41176,43112,279,46495,436,42992,42818,46307,42046,42597,42804,57.3,HIGH
41418,1037,50408,41169,581,41929,545,45899,48099,43112,272,613,47241,51816,43408,46460,1365,1650,57.28,HIGH
50071,49184,48002,9,41169,49421,1363,545,41176,52438,43112,279,613,1367,436,42992,46307,42597,42804,57.25,HIGH
50071,220,41418,49184,47549,50392,41169,47346,52438,43112,376,1361,48976,613,1366,42818,46449,46307,42597,1650,57.22,HIGH
41418,1037,41169,50408,581,41929,545,45899,43112,272,613,47241,51816,43408,41683,46460,1365,1650,57.22,HIGH
1189,50071,220,1037,47549,50392,41169,41929,47346,45899,43112,376,1361,48976,613,1366,46449,46307,42597,1650,57.16,HIGH
50071,49184,48002,41169,9,1363,545,41176,52438,43112,279,613,1366,43408,436,42992,46307,42597,42804,56.99,HIGH
50071,220,41418,49184,50392,41169,47346,43112,376,1361,613,1366,42818,46449,46307,42597,1650,56.97,HIGH
50071,49184,48002,41169,9,49421,545,41176,52438,43112,279,613,1366,43408,436,42992,46307,42597,42804,56.96,HIGH
50071,220,41418,49184,47549,50392,41169,47346,43112,376,1361,48976,613,1366,42818,46449,46307,42597,1650,56.92,HIGH
50071,220,41418,49184,47549,50392,41169,47346,43112,376,1361,48976,613,1366,42818,46449,46307,42597,1650,56.81,HIGH
50071,47549,41169,9,49421,1363,545,41176,52438,43112,279,613,436,43408,42992,46307,42597,42804,841,56.81,HIGH
1037,47549,50408,41169,1659,581,41929,545,45899,1014,43112,272,613,47241,51816,43408,46460,1365,1650,56.76,HIGH
50071,41418,1037,50408,41169,581,41929,545,48099,45899,43112,272,613,47241,51816,43408,46460,1365,1650,56.73,HIGH
50071,220,41418,49184,50392,41169,47346,43112,376,1361,48976,613,1366,42818,46449,46307,42597,1650,56.71,HIGH
50071,220,41418,49184,47549,50392,41169,1363,47346,43112,376,1361,48976,613,1366,42818,46449,46307,42597,1650,56.63,HIGH
50071,49184,48002,41169,9,1363,49421,545,41176,43112,279,613,1367,1366,43408,436,42992,46307,42597,42804,56.62,HIGH
50071,220,41418,49184,50392,41169,47346,43112,376,1361,272,48976,613,42818,46449,46307,42597,1650,56.62,HIGH
50071,49184,41169,9,49421,545,41176,43112,279,46495,613,436,42992,42818,46307,42046,42597,42804,56.61,HIGH
1037,41169,50408,1659,581,41929,545,45899,43112,272,613,47241,51816,43408,46460,1365,1650,56.6,HIGH
50071,49184,48002,9,41169,49421,545,41176,52438,43112,279,613,436,42992,42818,46307,42046,42597,42804,56.6,HIGH
41418,1037,50408,41169,581,545,45899,43112,272,613,47241,51816,43408,46460,1365,1650,56.58,HIGH
50071,49184,48002,41169,9,49421,545,41176,52438,43112,279,613,1366,436,42992,42818,46307,42597,42804,56.55,HIGH
50071,220,41418,49184,47549,50392,41169,47346,43112,1361,48976,613,1366,42818,46449,46307,42597,1650,56.54,HIGH
50071,49184,48002,41169,9,1363,49421,545,41176,43112,279,613,1366,436,42992,46307,42597,42804,56.52,HIGH
50071,49184,48002,9,41169,1363,49421,545,41176,43112,279,613,1366,436,42992,42818,46307,42597,42804,56.5,HIGH
50071,49184,48002,41169,9,49421,545,41176,47346,43112,279,46495,613,436,42992,42818,46307,42046,42597,56.47,HIGH
50071,49184,48002,9,41169,1363,49421,545,41176,52438,43112,279,613,436,43408,42992,46307,42597,42804,56.46,HIGH
50071,220,41418,49184,47549,50392,41169,47346,43112,376,1361,48976,613,1366,43408,46449,46307,42597,1650,56.46,HIGH
50071,220,41418,49184,50392,41169,47346,43112,376,1361,48976,613,1367,42818,46449,46307,42597,1650,56.45,HIGH
50071,49184,48002,41169,9,49421,545,41176,52438,43112,279,613,1367,43408,436,42992,46307,42597,42804,56.34,HIGH
50071,220,41418,49184,47549,50392,41169,47346,43112,376,1361,48976,613,1366,43408,42818,46449,46307,42597,1650,56.32,HIGH
42784,1037,50408,41169,581,41929,545,45899,43112,272,613,47241,51816,43408,41683,46460,1365,1650,56.28,HIGH
50071,49184,48002,41169,9,49421,545,41176,47346,52438,43112,279,613,436,42992,42818,46307,42597,42804,56.27,HIGH
50071,220,41418,49184,50392,41169,47346,52438,43112,376,1361,48976,613,1366,42818,46449,46307,42597,1650,56.26,HIGH
50071,49184,41169,9,1363,49421,545,41176,47346,52438,43112,279,1367,436,42992,42818,46307,42597,42804,56.23,HIGH
50071,49184,48002,41169,9,1363,49421,545,41176,52438,43112,279,613,1366,436,42992,46307,42597,42804,56.07,MEDIUM
42784,41418,1037,47549,50408,41169,1659,581,41929,545,45899,1014,43112,272,613,47241,43408,46460,1650,56.06,MEDIUM
50071,49184,47549,50392,52632,52627,51714,1363,47346,52438,376,51715,1361,49019,52633,48976,613,1650,55.98,MEDIUM
1037,41169,50408,1659,581,41929,545,45899,43112,272,613,47241,51816,43408,46460,1365,1650,55.93,MEDIUM
50071,49184,41169,9,49421,545,41176,52438,43112,279,613,1367,1366,43408,436,42992,46307,42597,42804,55.92,MEDIUM
50071,1037,47549,41169,50408,581,41929,545,45899,43112,272,613,47241,51816,43408,46460,1365,1650,55.85,MEDIUM
1189,1037,47549,41169,1659,581,41929,545,45899,1014,43112,272,613,43408,42633,46460,1650,55.77,MEDIUM
1037,41169,50408,1659,581,41929,545,45899,43112,272,613,1366,47241,51816,43408,41683,46460,1365,1650,55.72,MEDIUM
50071,220,41418,47549,50392,41169,47346,43112,376,1361,48976,613,1366,42818,46449,46307,42597,1650,55.7,MEDIUM
50071,49184,48002,41169,9,49421,545,41176,43112,279,613,1366,43408,436,42992,46307,42597,42804,55.46,MEDIUM
50071,49184,48002,41169,9,42598,49421,1363,545,41176,43112,279,613,1366,436,42992,46307,42597,42804,55.39,MEDIUM
41418,1037,50408,41169,1659,581,41929,545,45899,43112,272,613,47241,51816,43408,46460,1365,1650,55.38,MEDIUM
50071,49184,48002,41169,9,49421,1363,545,41176,43112,279,613,1367,436,43408,42992,46307,42597,42804,55.38,MEDIUM
50071,220,41418,49184,47549,50392,41169,1363,47346,43112,376,1361,48976,613,1366,46449,46307,42597,1650,55.31,MEDIUM
50071,49184,41169,9,49421,545,41176,47346,52438,43112,279,1367,436,43408,42992,42818,46307,42597,42804,55.31,MEDIUM
41418,1037,50408,41169,1659,581,41929,545,45899,48099,43112,272,613,47241,51816,43408,46460,1365,1650,55.27,MEDIUM
50071,220,41418,49184,50392,41169,1363,47346,43112,376,1361,48976,613,1366,42818,46449,46307,42597,1650,55.25,MEDIUM
50071,220,49184,47549,50392,52632,52627,51714,1363,47346,52438,376,51715,1361,49019,52633,48976,613,1367,1650,55.24,MEDIUM
50071,49184,41169,9,49421,545,41176,47346,52438,43112,279,613,1367,43408,436,42992,46307,42597,42804,55.22,MEDIUM
220,1037,45759,46862,50408,41169,1659,41929,41176,45899,376,1361,272,48976,613,1366,46460,46667,1650,55.2,MEDIUM
50071,49184,48002,9,41169,49421,1363,545,41176,52438,43112,279,613,1366,43408,436,42992,46307,42597,42804,55.16,MEDIUM
50071,49184,48002,41169,9,49421,1363,545,41176,43112,279,613,1366,436,43408,42992,46307,42597,42804,55.07,MEDIUM
50071,49184,48002,41169,9,1363,49421,545,41176,43112,279,613,1367,1366,43408,436,42992,46307,42597,42804,55.0,MEDIUM
50071,41418,49184,50392,41169,47346,43112,376,1361,48976,613,1366,42992,42818,46449,46307,42597,1650,54.96,MEDIUM
50071,220,41418,49184,47549,50392,41169,47346,52438,43112,376,1361,48976,613,1366,42818,46307,42597,1650,54.93,MEDIUM
41418,1037,50408,41169,581,41929,545,48099,45899,43112,272,613,47241,51816,43408,46460,1365,1650,54.92,MEDIUM
41418,1037,42574,46862,46551,754,41180,609,41243,906,45899,43112,42442,272,8,42009,47241,42790,1650,54.84,MEDIUM
41885,42782,41418,45930,138,41169,48625,48929,47836,749,43112,251,49416,613,42992,41494,45353,1650,54.81,MEDIUM
50071,49184,9,41169,49421,545,41176,52438,43112,279,46495,613,43408,436,42992,42818,46307,42046,42597,54.81,MEDIUM
50071,49184,48002,41169,9,1363,49421,545,41176,43112,279,613,1366,43408,436,42992,46307,42597,42804,54.8,MEDIUM
50071,49184,9,41169,1363,49421,545,41176,47346,43112,279,46495,1367,43408,436,42992,42818,46307,42046,42597,54.74,MEDIUM
50071,49184,48002,41169,9,49421,545,41176,43112,279,613,1367,1366,43408,436,42992,46307,42597,42804,54.73,MEDIUM
50071,41418,1037,50408,41169,1659,581,41929,545,45899,43112,272,613,47241,43408,46460,1365,1650,54.7,MEDIUM
50071,49184,9,41169,49421,545,41176,52438,43112,279,613,1366,43408,436,42992,42818,46307,42046,42597,42804,54.69,MEDIUM
41418,1037,50392,46862,41169,50408,1659,41929,45899,41176,376,1361,48976,50412,613,1366,46460,1650,54.65,MEDIUM
41885,1189,42782,47549,1362,41169,48625,1659,47836,41176,749,1014,43112,251,49416,613,42992,1650,54.57,MEDIUM
1189,50539,1362,41169,1659,41176,47346,1014,52438,376,1361,613,50386,42046,42597,1650,48101,54.56,MEDIUM
41885,42782,41418,45930,138,41169,48625,48929,47836,41155,749,43112,251,49416,613,42992,41494,45353,1650,54.53,MEDIUM
42784,1037,47549,50408,41169,1659,581,41929,545,45899,1014,43112,272,613,47241,51816,43408,46460,1365,1650,54.52,MEDIUM
50071,49184,9,41169,42598,1363,49421,545,47346,41176,43112,279,46495,1367,436,42992,42818,46307,42046,42597,54.51,MEDIUM
50071,49184,47549,50392,52632,52627,51714,47346,52438,376,1361,49019,52633,48976,613,1367,1366,51733,841,54.51,MEDIUM
50071,220,49184,47549,50392,52632,52627,51714,1363,47346,52438,376,51715,1361,49019,52633,48976,613,1367,1650,54.5,MEDIUM
1189,50071,220,41418,49184,50392,41169,47346,43112,376,1361,48976,613,1366,42818,46449,46307,42597,1650,54.4,MEDIUM
50071,220,49184,52632,52627,51714,47346,52438,376,51715,1361,51376,49019,52633,48976,613,1367,1366,841,54.24,MEDIUM
50071,49184,9,41169,49421,545,47346,41176,43112,279,613,1367,436,43408,42992,42818,46307,42046,42597,54.23,MEDIUM
50071,49184,48002,9,41169,49421,1363,545,41176,52438,43112,279,613,1366,43408,436,42992,46307,42597,42804,54.23,MEDIUM
1189,50539,42574,1362,41169,1659,41176,47346,1014,376,1361,1109,613,47895,42046,42597,1650,48101,237,54.19,MEDIUM
50071,49184,48002,41169,9,1363,49421,545,41176,43112,279,613,1366,436,42992,46307,42597,42804,54.14,MEDIUM
50071,49184,9,41169,49421,545,41176,47346,43112,279,46495,613,436,43408,42992,42818,46307,42046,42597,54.13,MEDIUM
50071,45930,41169,9,48929,50278,581,1363,545,749,43112,251,46495,43408,42992,41494,41173,45353,54.12,MEDIUM
50071,48002,41169,48929,50278,648,41176,749,1014,43112,1361,49265,251,48976,613,42992,41494,45353,54.01,MEDIUM
50071,49184,41169,9,42598,49421,545,41176,47346,43112,279,46495,43408,436,42992,42818,46307,42046,42597,53.97,MEDIUM
50071,49184,48002,41169,9,1363,49421,545,41176,43112,279,613,1367,1366,436,42992,46307,42597,42804,53.92,MEDIUM
50071,49184,41169,9,49421,1363,545,41176,47346,43112,279,46495,1367,436,42992,42818,46307,42046,42597,42804,53.77,MEDIUM
50071,49184,50392,52632,52627,51714,1363,47346,52438,376,1361,49019,52633,48976,613,1367,1366,52418,1650,53.74,MEDIUM
50071,49184,9,41169,42598,49421,545,41176,43112,279,46495,43408,436,42992,42818,46307,42046,42597,42804,53.57,MEDIUM
50071,49184,41169,9,42598,49421,1363,545,41176,47346,43112,279,46495,436,42992,42818,46307,42046,42597,42804,53.45,MEDIUM
50071,49184,9,41169,1363,49421,545,41176,43112,279,46495,613,43408,436,42992,42818,46307,42046,42597,42804,53.42,MEDIUM
237,50071,49184,1362,52632,52627,46659,47346,376,51715,1361,1109,49019,52633,613,1650,53.34,MEDIUM
41418,1037,41169,50408,581,41929,545,45899,48099,43112,272,613,47241,51816,43408,41683,46460,1365,1650,53.26,MEDIUM
50539,50071,49184,47549,52632,52627,1363,47346,52438,376,1361,49019,52633,613,1367,1366,841,53.22,MEDIUM
50071,220,41418,47549,50392,41169,47346,52438,43112,376,1361,48976,613,1366,42818,46449,46307,42597,1650,53.21,MEDIUM
50071,49184,41169,9,42598,49421,545,41176,47346,43112,279,46495,436,42992,42818,46307,42046,42597,42804,53.2,MEDIUM
1189,50071,220,41418,49184,47549,50392,41169,47346,43112,376,1361,48976,613,1366,42818,46307,42597,1650,53.15,MEDIUM
50071,49184,41169,9,49421,545,41176,47346,43112,279,46495,613,1367,436,43408,42992,42818,46307,42046,42597,53.08,MEDIUM
1189,605,51847,52866,52654,1362,1659,52632,1014,376,51715,1361,613,52936,1650,48101,53.06,MEDIUM
1189,50071,47549,50392,1362,52632,52627,47346,376,1361,1109,49019,52633,613,1650,841,52.83,MEDIUM
50071,49184,41169,9,42598,49421,545,41176,52438,43112,279,46495,436,42992,42818,46307,42046,42597,42804,52.82,MEDIUM
1189,605,51847,52654,52866,47549,1362,1659,47346,1014,376,51715,1361,613,52936,1650,52.71,MEDIUM
41885,42782,41418,45930,138,41169,48625,48929,47836,41155,749,43112,251,49416,613,42992,41494,45353,1650,52.57,MEDIUM
50071,48002,41169,9,49421,1363,545,41176,52438,43112,279,613,1366,436,43408,42992,46307,42597,42804,52.46,MEDIUM
1189,605,51847,52654,52866,1362,1659,47346,1014,376,51715,1361,613,52936,1650,52.44,MEDIUM
1189,50539,50071,49184,47888,41169,42598,49421,43112,376,1361,1367,43408,42992,42818,1186,46307,42597,42804,841,52.3,MEDIUM
50071,48002,41169,48929,648,41176,749,1014,43112,1361,49265,251,47142,48976,613,42992,41494,45353,52.27,MEDIUM
50071,138,41169,48929,42439,581,41243,1363,545,45899,749,43112,251,50082,43408,42992,41494,45353,52.27,MEDIUM
50071,49184,41169,9,49421,1363,545,41176,43112,279,613,1367,1366,436,43408,42992,46307,42597,42804,52.25,MEDIUM
49184,41169,9,42598,1363,49421,545,41176,749,43112,279,46495,1367,436,42992,42818,46307,42046,42597,42804,52.04,MEDIUM
50071,49184,48002,41169,9,42598,49421,545,47346,41176,43112,279,46495,436,42992,42818,46307,42046,42597,42804,51.92,MEDIUM
1189,50539,1362,41169,1659,41176,47346,1014,376,1361,1109,279,613,42046,42597,1650,48101,237,51.91,MEDIUM
41885,42782,41418,138,47549,41169,48625,1659,47836,749,1014,284,43112,251,49416,613,1367,42992,1650,51.82,MEDIUM
50071,49184,9,41169,42598,1363,49421,545,41176,43112,279,46495,436,42992,42818,46307,42046,42597,42804,51.74,MEDIUM
41418,1037,50408,41169,581,41929,545,45899,43112,272,613,47241,51816,43408,46460,1365,1650,51.72,MEDIUM
50071,49184,48002,41169,48929,50278,648,41176,749,43112,1361,49265,251,48976,613,42992,41494,45353,51.7,MEDIUM
50071,49184,9,41169,1363,49421,545,41176,47346,43112,279,46495,1367,436,42992,42818,46307,42046,42597,42804,51.69,MEDIUM
50071,49184,48002,41169,9,49421,1363,545,41176,52438,43112,279,613,1367,436,43408,42992,46307,42597,42804,51.67,MEDIUM
220,1037,45759,46862,41169,50408,1659,41929,45899,41176,376,1361,272,50412,613,1366,46460,46667,1650,51.65,MEDIUM
50071,220,41418,49184,47549,50392,41169,47346,43112,376,1361,48976,613,1366,42818,46449,46307,42046,42597,1650,51.63,MEDIUM
50071,220,41418,49184,47549,50392,41169,47346,43112,376,1361,48976,613,1366,42818,46307,42597,1650,51.6,MEDIUM
50071,220,41418,49184,47549,50392,41169,47346,43112,376,1361,48976,613,1366,42818,46307,42597,1650,51.6,MEDIUM
50794,1362,41169,1659,50278,41176,1014,791,613,50386,42046,48101,1650,45528,237,1189,50539,51.6,MEDIUM
41885,50071,42782,41418,45930,138,41169,48625,48929,47836,50278,749,43112,251,49416,613,42992,41494,45353,51.5,LOW
50071,49184,48002,41169,9,1363,49421,545,41176,47346,43112,279,613,1366,436,43408,42992,46307,42597,42804,51.44,LOW
50071,47549,50392,50393,1659,51714,53251,47346,376,51715,1361,48560,613,1366,47895,52418,46991,47131,1650,841,51.35,LOW
50071,138,48002,41169,48929,648,41176,749,43112,1361,49265,251,47142,48976,613,42992,41494,45353,51.28,LOW
50071,49184,48002,41169,9,42598,49421,1363,545,47346,41176,43112,279,46495,436,42992,42818,46307,42046,42597,51.12,LOW
50071,49184,41169,9,1363,49421,545,41176,43112,279,46495,1367,436,42992,42818,46307,42046,42597,42804,51.1,LOW
50071,49184,41169,9,42598,49421,545,41176,43112,279,46495,613,436,42992,42818,46307,42046,42597,42804,50.98,LOW
237,1189,605,51847,52654,52866,1362,376,51715,1361,1109,613,52936,891,1650,50.82,LOW
237,50071,49184,1362,52632,52627,53251,47346,51715,1361,1109,49019,52633,48976,613,1367,1650,50.61,LOW
50071,45930,41169,48929,50278,41243,1363,749,43112,48518,251,50082,43408,42992,42633,41494,41173,45353,50.6,LOW
1189,41418,42574,1362,41169,1659,47346,41176,1014,376,1361,1109,613,1366,47895,42046,42597,1650,48101,237,50.59,LOW
50071,49184,9,41169,49421,545,41176,47346,43112,279,46495,613,436,43408,42992,42818,46307,42046,42597,50.5,LOW
50071,48002,41169,48929,50278,648,41176,749,43112,1361,49265,251,47142,48976,613,42992,41494,45353,50.45,LOW
50071,220,48002,41169,48929,50278,648,41176,749,43112,1361,49265,251,48976,613,42992,41494,45353,50.42,LOW
1189,605,51847,52654,52866,1362,376,51715,1361,52942,48976,613,1366,46737,52715,52936,1650,50.3,LOW
46988,41418,1037,1362,46862,50408,42439,1363,41176,45899,376,1361,42442,48976,613,1650,50.24,LOW
1189,605,51847,52866,52654,1362,1659,52632,1014,376,51715,1361,613,52936,891,1650,48101,49.88,LOW
1189,1037,1362,41169,50408,1659,45899,41176,47346,1014,376,1361,47142,50412,613,1650,48101,49.85,LOW
1189,605,51847,52866,52654,1362,559,545,1014,52438,51715,613,52936,1650,48101,237,49.79,LOW
1189,605,51847,49184,52654,52866,1362,1659,754,1014,51715,613,46737,52312,52936,1650,49.73,LOW
50071,45930,49184,50087,41169,50352,48929,50278,1363,46403,749,43112,251,1367,43408,42992,41494,41173,45353,49.67,LOW
1189,50539,50071,1362,41169,1659,47346,41176,1014,376,1361,613,50386,42046,42597,48101,1650,49.61,LOW
50071,45930,49184,50087,41169,50352,48929,50278,1363,46403,749,43112,251,43408,42992,41494,41173,45353,49.23,LOW
50071,45930,41169,48929,50278,41243,749,43112,251,50082,43408,42992,42633,41494,41683,41173,45353,48759,49.19,LOW
47549,48002,9,41169,50278,545,41176,52438,43112,41170,279,613,1367,43408,436,42992,46307,42597,42804,49.1,LOW
42784,46706,41169,48929,50278,41155,1363,46403,749,43112,251,46994,8,43408,42992,42633,41494,41683,41173,45353,49.06,LOW
50539,50071,47549,52632,52627,51714,50278,1363,53251,47346,52438,376,1361,49019,52633,613,1367,1366,841,49.01,LOW
50071,47549,52632,52627,51714,1363,52438,51715,1109,49019,52633,48560,613,1367,1366,1650,841,48.8,LOW
1189,41885,42782,47549,1362,41169,48625,1659,47836,41176,749,1014,43112,251,49416,613,42992,1650,48.78,LOW
50071,49184,41169,9,49421,545,41176,52438,43112,279,46495,613,1367,436,42992,46307,42046,42597,42804,48.64,LOW
1189,605,51847,52866,52654,1362,1659,51714,1014,376,51715,1361,613,52936,891,1650,48.5,LOW
1189,605,51847,52654,52866,1362,1659,1014,376,51715,1361,613,52936,48101,1650,48.48,LOW
1189,50539,41418,1362,41169,1659,50278,41176,1014,376,1361,613,50386,42046,48101,1650,48.25,LOW
50071,45930,46706,41169,42439,41929,1363,46403,45899,749,43112,251,8,47557,43408,42992,42633,41494,1186,41173,45353,48.0,LOW
50539,1362,41169,41176,47346,1014,43112,376,1361,48976,613,1366,46307,42046,42597,48101,1650,47.98,LOW
50071,49184,50087,41169,50352,48929,50278,1363,46403,749,43112,251,47557,1367,43408,42992,41494,41173,45353,47.74,LOW
46032,41418,1037,50087,46706,46551,50352,754,42439,41243,45899,41177,50082,272,8,45340,42009,42818,41683,46460,1650,47.65,LOW
50071,49184,47549,52632,52627,51714,48099,49019,52633,613,1367,52418,53249,1365,52870,1650,841,47.61,LOW
1189,50539,1362,41169,1659,50278,41176,1014,376,1361,48976,791,613,50386,42046,1650,48101,47.55,LOW
1189,50071,49184,41169,48929,50278,41243,1363,749,43112,48518,251,50082,8,43408,42992,42633,41494,570,45353,47.42,LOW
1189,50539,220,41418,1362,41169,1659,50278,41176,1014,376,1361,613,50386,42046,48101,1650,47.27,LOW
1189,605,51847,52109,52866,52654,1362,754,51714,1014,51715,613,52312,52715,52936,1650,47.1,LOW
1189,50539,50071,50794,1362,1659,52632,50278,906,1014,51376,279,48976,613,932,52434,1650,46.98,LOW
1189,50539,50071,47549,50794,1362,1659,50278,906,1014,51376,48976,613,932,52434,1650,46.97,LOW
237,1189,50539,50071,47549,50794,1362,1659,50278,1014,51376,48976,613,932,52434,1650,46.72,LOW
1189,605,51847,49184,52866,52654,1362,1659,754,1014,51715,613,46737,52715,52936,1650,46.69,LOW
1189,605,51847,52866,47549,1362,1659,47346,1014,376,51715,1361,613,52936,1650,46.36,LOW
1189,1037,1362,50408,41169,1659,41176,47346,45899,1014,376,1361,50412,613,1650,48101,46.3,LOW
237,1189,50539,50071,47549,50794,1362,1659,50278,1014,51376,48976,613,50386,932,52434,1650,46.21,LOW
50071,220,49184,50392,52632,52627,1363,53251,47346,52438,376,1361,51376,49019,52633,48976,613,1366,51733,841,45.87,LOW
46988,41418,1037,42574,1362,46862,42439,1363,45899,41176,376,1361,42442,48976,613,1650,45.81,LOW
1189,50071,605,51847,52866,52654,1362,52632,47346,1014,376,51715,1361,613,52936,1650,45.25,LOW
1189,220,605,51847,52654,52866,1362,1659,1014,376,51715,1361,613,52936,891,48101,1650,45.12,LOW
1189,50071,49184,41169,48929,50278,1363,749,43112,251,8,46495,43408,42992,42633,41494,570,42046,41173,45353,45.04,LOW
46032,41418,1037,50087,46706,50352,46551,42439,41243,45899,41177,50082,272,8,45340,42009,42818,41683,46460,1650,44.93,LOW
237,50071,51847,49184,52654,52866,47549,50392,1362,52632,52627,1363,53251,47346,51715,48560,1650,44.79,LOW
1189,605,51847,52866,52654,47549,1362,1014,376,51715,1361,613,52312,52936,51136,1650,44.68,LOW
1189,50539,50071,47549,50794,1362,1659,50278,581,906,1014,51376,48976,613,932,52434,1650,44.58,LOW
1189,50539,50071,47549,50794,48002,1362,1659,50278,1014,51376,48976,613,932,52434,1650,44.45,LOW
50071,41169,48929,50278,42439,41243,1363,45899,749,43112,48518,251,50082,46495,43408,42633,41494,45353,43.99,LOW
1189,50539,1362,41169,1659,50278,41176,1014,50315,376,1361,613,50386,42046,1650,48101,43.49,LOW
1189,50539,47549,50794,1362,1659,52632,50278,1014,51376,251,48976,613,932,52434,1650,43.28,LOW
237,1189,50539,50071,50794,1362,1659,50278,1014,1361,51376,48976,613,932,52434,1650,43.21,LOW
50071,49184,48002,50443,52632,48929,52627,51714,50278,52943,48203,52633,51567,613,50386,48101,1650,43.13,LOW
1189,605,51847,52866,52654,47549,1362,52632,754,1014,51715,51376,272,613,52715,53171,1650,43.01,LOW
1189,220,605,51847,49184,52866,52654,1362,1659,1014,376,51715,1361,51376,272,613,1650,42.83,LOW
41418,49502,50087,50352,1659,41243,41929,45899,43112,42442,50412,613,45340,47241,42395,50282,51136,1650,42.62,LOW
1189,52109,49184,47924,50443,1362,48929,47836,51714,50283,1363,51715,51567,613,52715,1650,48101,237,42.11,LOW
50071,420,50443,52632,48929,52627,47836,51714,1363,48099,51715,48518,51567,47557,613,52715,53249,52870,41.92,LOW
50071,49184,50443,48002,52632,48929,52627,51714,50278,52943,48203,52633,613,50386,52418,1650,48101,41.43,LOW
237,50071,49184,47549,1362,1659,581,1363,1368,545,52438,912,1014,51715,613,52307,52715,1365,1650,41.35,LOW
453,42574,45759,811,50402,41265,41169,475,1063,545,41176,739,41245,613,976,50282,1650,41.34,LOW
237,50071,420,49184,47924,50443,1362,52632,52627,50278,1363,1014,51376,1109,272,51567,613,52715,1650,40.58,LOW
50071,50087,41169,50352,48929,50278,46403,749,47287,43112,251,49416,45195,46495,43408,42992,41494,51136,45353,40.14,LOW
50071,49184,47924,47549,48002,1362,1363,1014,51715,1109,49049,613,52936,49195,1650,48101,237,39.59,LOW
1189,50539,47549,50794,1362,1659,52632,50278,1014,51376,613,1367,1366,52715,932,52434,1650,39.34,LOW
50071,45930,49184,50087,48002,41169,50352,48929,50278,559,46403,749,43112,251,47557,1366,48039,43408,41494,45353,49269,39.01,LOW
237,50071,51847,49184,52866,52654,47549,1362,52632,52627,1363,53251,47346,51715,52633,48560,1650,37.81,LOW
237,50071,420,49184,47924,47549,50443,1362,1659,581,1363,1368,545,1014,52438,912,613,52715,1365,1650,37.54,LOW
1189,50071,220,605,51847,52866,52654,1362,1659,52632,1014,376,51715,1361,51376,613,52312,1650,37.01,LOW
50071,49184,48002,50443,48929,52627,51714,50278,52943,52438,48203,52633,51567,613,49013,50386,1650,48101,36.85,LOW
1189,52109,49184,47924,50443,54816,1362,48929,47836,51714,50283,1363,51715,51567,613,1650,48101,237,36.82,LOW
50071,49184,50454,41169,50352,48929,47836,50278,42598,1363,49421,41176,46495,613,1367,43408,41494,46307,42046,45353,36.63,LOW
50539,30,220,41169,1363,41176,43112,272,8,613,45988,1367,45979,42818,42046,48759,1650,1099,36.24,LOW
50071,49184,47549,48002,52954,9,52632,52627,50278,49421,1363,545,52438,279,52633,1367,1366,436,1365,35.11,LOW
50071,220,30,49184,46706,48002,52632,52627,1363,906,48203,1109,47557,1367,1366,52715,52870,48759,1099,1650,33.96,LOW
50071,48002,50443,1362,48929,50278,1363,1014,52438,48203,51567,613,49013,50386,48101,1650,237,31.59,LOW
