1074,51735,49184,1023,47515,48515,48691,51738,48146,785,75,456,48526,546,53138,51739,511,49269,48542,65.66,HIGH
41890,41418,49184,50776,41427,1023,41243,47133,46634,47077,75,48526,546,48158,50459,46026,48542,63.19,HIGH
47825,49184,1023,47515,48515,48691,47133,912,48146,75,48526,546,51733,47053,53138,52870,47860,48542,62.26,HIGH
49184,1023,48515,50059,50049,48691,41243,48146,75,50412,48526,546,51816,48158,1186,41683,46026,48542,61.63,HIGH
41890,41418,49184,50776,41427,1023,41243,47133,46634,47077,75,48526,546,48158,41683,47053,46026,48542,61.38,HIGH
49184,1023,48515,50059,50049,48691,41243,48146,75,50412,48526,546,51816,48158,1186,41683,46026,48542,61.3,HIGH
47825,49184,51735,28,47511,48753,48691,47133,50074,51738,48146,52242,456,50056,52935,654,47053,47131,51739,511,61.18,HIGH
1074,47825,49184,51735,47515,48515,48691,46650,47133,51738,251,48146,75,456,47053,53138,51739,49269,48542,61.08,HIGH
47825,49184,1023,1659,47515,48515,415,48691,47133,912,785,48146,75,546,53138,52870,47860,48542,60.79,HIGH
1074,51735,49184,1023,47515,48515,48753,48691,51738,785,48146,75,48526,546,53138,51739,511,48542,49269,60.74,HIGH
41890,41418,49184,41427,1023,1659,41243,46634,734,47077,290,75,48526,546,48158,41683,46026,48542,60.52,HIGH
1074,49184,1023,1659,47515,754,48515,48691,52438,912,48146,785,75,546,51733,53138,52870,47860,48542,60.39,HIGH
41890,41418,49184,50776,41427,1023,41243,47133,46634,47346,47077,290,75,48526,546,48158,46026,48542,60.31,HIGH
51735,49184,1023,47515,48515,48753,48691,51738,785,48146,75,546,53138,51739,48542,49269,47925,60.21,HIGH
1074,47825,51735,49184,1023,47515,48515,48753,48691,47133,51738,48146,75,48526,546,51739,48542,49269,60.21,HIGH
1074,49184,1023,1659,47515,48515,415,48691,912,48146,785,75,48526,546,51733,53138,52870,47860,48542,60.2,HIGH
1074,47825,49184,1023,53124,1659,47515,48515,48691,47133,336,48146,785,75,546,48039,52870,47860,48542,60.14,HIGH
49184,1023,48515,50059,50049,48691,41243,48146,75,50412,48526,546,51816,48158,1186,46026,810,48542,60.14,HIGH
1074,51735,49184,1023,47515,48515,48691,46650,47133,51738,48146,75,456,47053,53138,51739,48542,49269,60.07,HIGH
1074,51735,49184,47515,48515,48691,46650,47133,51738,251,48146,75,47053,53138,51739,511,49269,48542,60.01,HIGH
41890,41418,49184,50776,41427,1023,41243,47133,46634,47077,290,75,48526,546,48158,41683,46026,48542,59.99,HIGH
47825,49184,1023,1659,47515,48515,48691,47133,912,336,48146,75,48526,546,47053,53138,52870,47860,48542,59.82,HIGH
51735,49184,53104,1023,1659,47515,48515,48753,48691,51738,48146,75,48526,52288,53138,51739,49269,48542,59.79,HIGH
1074,49184,51735,47515,48515,48691,46650,47133,51738,251,48146,75,47053,53138,51739,48542,49269,59.77,HIGH
1074,49184,51735,1023,47515,48515,48691,51738,48146,785,75,48526,546,53138,52870,51739,511,49269,48542,59.72,HIGH
1074,51735,49184,47515,48515,48691,46650,47133,912,51738,251,48146,75,47053,53138,51739,48542,49269,59.71,HIGH
51735,49184,48515,48691,46650,47133,912,51738,251,48146,75,456,47053,53138,51739,511,48542,49269,59.71,HIGH
49184,1023,1659,47515,48515,48691,912,48146,785,75,48526,546,51733,48039,53138,52870,47860,48542,59.66,HIGH
1074,51735,49184,53124,1659,47515,48515,581,48753,48691,51738,785,48146,75,546,51739,48542,338,59.63,HIGH
47928,1074,47825,22,636,49184,1023,48625,1659,47515,47133,912,48146,75,546,436,53138,47860,48542,59.58,HIGH
1074,51735,49184,47515,48515,48753,48691,46650,47133,51738,251,48146,75,47053,53138,51739,48542,49269,59.52,HIGH
1074,51735,49184,47515,48515,48753,48691,46650,47133,51738,251,48146,75,456,47053,53138,51739,48542,49269,59.41,HIGH
41890,41418,49184,41427,1023,50059,50049,41243,46634,912,75,50412,48526,546,51816,48158,46026,59.38,HIGH
1074,49184,51735,47515,48515,48691,46650,47133,51738,251,48146,75,52413,47053,53138,51739,49269,48542,59.37,HIGH
1074,47825,49184,1023,47515,48515,48691,47133,912,48146,785,75,48526,546,48039,52288,53138,52870,47860,48542,59.35,HIGH
47928,1074,47825,22,636,49184,1023,48625,1659,47515,47133,912,48146,785,75,546,436,47860,48542,59.35,HIGH
1074,49184,51735,47515,48515,48691,46650,47133,51738,251,48146,75,456,47053,53138,51739,49269,48542,59.34,HIGH
49184,1023,48515,50059,50049,48691,41243,48146,75,50412,48526,546,51816,48158,1186,46026,48542,59.34,HIGH
1074,49184,51735,47515,48515,48691,906,47133,51738,251,48146,75,456,47053,53138,51739,49269,48542,59.33,HIGH
1074,51735,49184,1023,47515,48515,48691,51738,785,48146,75,48526,546,53138,52870,51739,49269,48542,59.27,HIGH
1074,47825,49184,51735,47515,48515,48691,47133,51738,251,48146,75,456,47053,53138,51739,49269,48542,59.27,HIGH
1074,47825,51735,49184,1023,47515,48515,48753,48691,47133,912,51738,48146,75,546,51739,48542,49269,59.26,HIGH
1074,47825,51735,49184,1023,47515,48515,48753,48691,47133,51738,48146,75,546,51739,49269,48542,338,59.25,HIGH
41890,41418,49184,50776,41427,1023,41243,47133,46634,47077,290,75,48526,546,48158,46026,48542,59.23,HIGH
47825,49184,1023,1659,47515,48515,48691,47133,912,336,48146,75,48526,546,48039,47053,53138,52870,47860,48542,59.23,HIGH
51735,49184,53104,1023,47515,48515,48753,48691,51738,785,48146,75,546,52413,53138,51739,511,48542,59.18,HIGH
49184,1023,47515,48515,50602,50049,912,48146,785,75,50412,48526,546,48039,53138,52870,47860,48542,59.16,HIGH
49184,1023,1659,47515,48515,48691,912,336,48146,75,48526,546,51733,48039,53138,52870,47860,48542,59.13,HIGH
1074,51735,49184,47515,48515,48691,46650,47133,51738,251,48146,75,47053,53138,51739,49269,48542,338,59.13,HIGH
47825,51735,49184,1023,47515,48515,48691,906,47133,51738,785,48146,546,47053,53138,51739,49269,48542,59.1,HIGH
1074,47825,51735,49184,1023,47515,48515,48691,47133,51738,48146,75,546,53138,52870,51739,48542,49269,59.09,HIGH
1074,47825,51735,49184,1023,47515,48515,48753,48691,47133,51738,48146,75,546,53138,52870,51739,48542,49269,59.04,HIGH
1074,51735,49184,1023,1659,47515,48515,48691,51738,48146,75,48526,546,53138,51739,511,48542,49269,59.04,HIGH
1074,47825,636,49184,1023,1659,47515,48515,48691,47133,46634,912,785,48146,75,546,52870,47860,48542,59.02,HIGH
1074,51735,49184,1023,47515,48515,48691,906,51738,48146,785,75,48526,546,53138,52870,51739,48542,49269,59.01,HIGH
47825,49184,51735,1023,47515,48515,48691,906,47133,51738,785,48146,75,546,53138,51739,49269,48542,59.0,HIGH
1074,47825,51735,49184,1023,47515,48515,48691,906,47133,51738,48146,75,546,47053,51739,49269,48542,58.97,HIGH
47825,49184,1023,1659,47515,48515,46650,47133,912,336,785,48146,75,48526,546,48039,47053,52870,47860,48542,58.95,HIGH
338,47825,49184,42700,43423,28,754,48691,46650,47133,50074,42698,45265,50056,45340,42395,654,42818,47053,47131,58.93,HIGH
41890,41418,49184,50776,41427,1023,41243,47133,46634,912,47077,290,75,48526,546,48158,46026,48542,58.92,HIGH
41890,41418,49184,50776,41427,1023,41243,47133,46634,47077,75,48526,546,48158,47053,46026,48542,58.89,HIGH
41890,41418,49184,50776,41427,1023,41243,47133,46634,47346,75,48526,546,48158,47053,46026,48542,58.87,HIGH
41890,49184,1023,48515,50059,50049,41243,290,48146,75,50412,48526,546,51816,48158,46026,48542,58.85,HIGH
1074,49184,51735,1023,47515,48515,48691,51738,48146,785,75,48526,546,53138,52870,51739,511,48542,49269,58.83,HIGH
51735,49184,53124,47515,48515,48753,48691,46650,47133,51738,785,48146,75,47053,53138,52870,51739,48542,58.81,HIGH
1074,49184,51735,1023,47515,48515,48691,51738,785,48146,75,48526,546,53138,51739,511,48542,49269,58.75,HIGH
49184,1023,47515,48515,50059,50602,50049,912,48146,75,48526,546,51816,53138,52870,47860,48542,58.74,HIGH
49184,1023,1659,47515,48515,48691,912,336,785,48146,75,48526,546,51733,48039,53138,52870,47860,48542,58.73,HIGH
1074,47825,49184,51735,1023,47515,48515,48753,48691,47133,51738,48146,785,75,546,51739,49269,48542,58.68,HIGH
41890,49184,1023,48515,50059,50049,41243,290,48146,75,50412,48526,546,51816,48158,1186,46026,48542,58.67,HIGH
1074,47825,51735,49184,1023,47515,48515,48691,47133,912,51738,290,48146,785,75,48526,546,52870,47860,51739,48542,58.67,HIGH
1074,47825,51735,49184,47515,48515,48691,46650,47133,51738,251,48146,75,47053,53138,51739,49269,48542,58.66,HIGH
47825,49184,42700,43423,28,754,48691,46650,47133,50074,42698,45265,45340,42395,654,42818,47053,47131,48542,338,58.65,HIGH
41890,41418,49184,50776,41427,1023,41243,47133,46634,47346,75,48526,546,48158,41683,50459,46026,48542,58.65,HIGH
49184,1023,48515,50059,50049,48691,41243,48146,75,50412,48526,546,51816,48158,1186,41683,46026,48542,58.64,HIGH
49184,1023,53124,1659,47515,48515,48691,912,48146,75,52306,546,51733,53138,52870,47860,48542,58.62,HIGH
41890,49184,1023,48515,50059,50049,48691,41243,48146,75,50412,48526,546,51816,48158,1186,46026,48542,58.58,HIGH
41890,1657,49184,1023,48515,531,41243,46403,734,41935,290,48146,75,48526,546,48158,41683,46026,48542,58.54,HIGH
49184,1023,47515,48515,48691,46650,47133,48146,75,48526,546,51733,47053,53138,52870,47860,48542,58.53,HIGH
1074,51735,49184,1023,47515,48515,48691,46650,47133,51738,251,48146,75,47053,53138,51739,49269,48542,58.5,HIGH
1074,49184,51735,47515,48515,48691,46650,47133,51738,251,48146,75,48526,47053,53138,51739,48542,49269,58.47,HIGH
1074,49184,51735,47515,48515,48691,46650,47133,51738,251,785,48146,75,47053,53138,51739,49269,48542,58.45,HIGH
1074,49184,51735,1023,47515,48515,48691,912,51738,785,48146,75,546,52870,51739,47860,511,48542,58.44,HIGH
1074,51735,49184,47515,48515,48691,46650,47133,912,51738,251,48146,75,456,47053,53138,51739,49269,48542,58.43,HIGH
1074,51735,49184,47515,48515,48753,48691,46650,47133,51738,251,48146,75,456,47053,51739,48542,49269,58.41,HIGH
1074,47825,51735,49184,1023,47515,48515,48753,48691,47133,51738,48146,75,546,47053,52870,51739,48542,49269,58.36,HIGH
1074,51735,49184,47515,48515,48691,46650,47133,912,51738,251,48146,75,456,47053,53138,51739,49269,48542,58.35,HIGH
49502,49184,48515,50059,50049,48691,41243,48146,75,50412,48526,546,51816,48158,1186,46026,48542,58.33,HIGH
41890,49184,1023,48515,50059,50049,48691,41243,48146,75,50412,48526,546,51816,48158,41683,46026,48542,58.33,HIGH
1074,47825,49184,51735,1023,47515,48515,48753,48691,47133,51738,48146,75,546,53138,51739,48542,49269,58.29,HIGH
1074,51735,49184,47515,48515,48691,46650,47133,912,51738,251,48146,75,456,47053,53138,51739,48542,49269,58.28,HIGH
1074,49184,51735,47515,48515,48691,46650,47133,51738,251,48146,75,456,47053,53138,52870,51739,48542,49269,58.25,HIGH
1074,420,47825,22,49184,51735,47511,1659,48753,48691,46650,47133,912,51738,48146,654,53138,51739,58.22,HIGH
1074,51735,49184,47515,48515,48691,46650,906,47133,51738,251,48146,75,47053,53138,51739,49269,48542,58.19,HIGH
47825,49502,1037,49184,51735,50066,50408,47511,50059,50602,50049,47133,51738,48146,546,51816,47053,51739,58.13,HIGH
1074,49184,51735,47515,48515,48691,46650,47133,51738,251,48146,75,47053,53138,52870,51739,49269,48542,58.13,HIGH
41890,49184,1023,48515,50059,50049,48691,41243,48146,75,50412,48526,546,51816,48158,46026,48542,58.12,HIGH
1074,47825,49184,51735,1023,47515,48515,48753,48691,47133,51738,48146,75,546,47053,51739,49269,48542,58.11,HIGH
47825,51735,49184,1023,47515,48515,48753,48691,47133,912,51738,48146,75,48526,546,52870,51739,48542,49269,58.11,HIGH
41890,41418,49184,50776,41427,1023,41243,47133,46634,47077,290,75,48526,546,48158,46026,48542,58.08,HIGH
41890,49184,1023,48515,50059,50049,41243,48146,75,50412,48526,546,51816,48158,41683,570,46026,48542,58.07,HIGH
47825,49184,1023,47515,48515,48691,906,47133,785,48146,75,48526,546,51733,48039,47053,53138,52870,48542,58.05,HIGH
49184,1023,1659,47515,48515,48691,912,785,48146,75,52306,48526,546,51733,50040,53138,52870,47860,48542,58.02,HIGH
1074,51735,49184,1023,1659,47515,48515,48753,51738,785,48146,75,546,53138,51739,49269,48542,58.02,HIGH
1074,51735,49184,53124,48515,48753,48691,46650,47133,51738,48146,785,75,47053,53138,52870,51739,48542,58.01,HIGH
1074,51735,49184,1023,47515,48515,48691,51738,785,48146,75,48526,546,53138,51739,511,49269,48542,58.0,HIGH
47825,51735,49184,1023,47515,48515,48691,47133,51738,785,48146,48526,546,53138,51739,49269,48542,57.98,HIGH
41890,41418,49184,50776,41427,1023,41243,47133,46634,47346,47077,75,48526,546,48158,50459,46026,48542,57.95,HIGH
1074,49184,51735,47515,48515,48691,46650,47133,51738,251,48146,75,456,47053,53138,52870,51739,48542,49269,57.92,HIGH
1074,51735,49184,1023,53124,1659,47515,48515,581,48753,51738,48146,785,75,546,51739,48542,338,57.9,MEDIUM
1074,47825,51735,49184,1023,47515,48515,48753,48691,906,47133,51738,48146,75,546,52870,51739,49269,48542,57.89,MEDIUM
1074,51735,49184,1023,47515,48515,48691,51738,785,48146,75,48526,546,53138,51739,511,48542,49269,57.89,MEDIUM
1074,49184,51735,47515,48515,48753,48691,46650,47133,51738,251,48146,75,456,53138,51739,49269,48542,57.89,MEDIUM
1074,49184,1023,1659,47515,48515,48691,912,785,48146,75,52306,48526,546,51733,53138,52870,47860,48542,57.89,MEDIUM
1074,47825,51735,49184,1023,47515,48515,48753,48691,47133,51738,48146,75,546,51739,49269,48542,57.87,MEDIUM
41890,41418,49184,50776,41427,1023,41243,47133,46634,47346,75,48526,546,48158,50459,46026,48542,57.84,MEDIUM
338,47825,49184,51735,28,47511,48753,46650,47133,50074,51738,48146,456,50056,654,47053,51739,443,46725,57.84,MEDIUM
1074,49184,51735,1023,47515,48515,48691,912,51738,48146,785,75,48526,546,53138,52870,51739,48542,57.84,MEDIUM
47825,49184,1023,47515,48515,48691,906,47133,912,48146,785,75,48526,546,51733,47053,53138,52870,48542,57.83,MEDIUM
1074,49184,51735,47515,48515,48753,48691,47133,912,51738,251,785,48146,75,47053,53138,51739,48542,49269,57.81,MEDIUM
1074,47825,51735,49184,47515,48515,48691,46650,47133,51738,251,48146,75,456,53138,51739,48542,49269,57.8,MEDIUM
1074,51735,49184,47515,48515,48691,46650,47133,51738,251,48146,75,456,53138,51739,49269,48542,57.78,MEDIUM
1074,49184,51735,1023,47515,48515,48691,912,51738,48146,785,75,48526,546,53138,52870,51739,48542,49269,57.75,MEDIUM
49184,1023,1659,47515,48515,48691,912,48146,75,52306,48526,546,51733,53138,52870,47860,48542,57.74,MEDIUM
1074,47825,138,49184,1023,1659,47515,48515,48691,47133,52438,336,785,48146,75,546,48039,52870,48542,57.74,MEDIUM
51735,49184,53104,1023,1659,47515,48691,912,51738,48146,75,456,48526,546,53138,51739,49269,48542,338,57.71,MEDIUM
1074,47825,49184,51735,47515,48515,48691,906,47133,51738,251,48146,75,53138,51739,48542,49269,57.69,MEDIUM
47825,49184,51735,28,47511,48691,46650,47133,51738,48146,456,50056,52935,654,47053,47131,51739,511,49269,57.67,MEDIUM
51735,49184,1023,48515,415,48753,48691,46650,47133,51738,48146,75,546,47053,51739,810,49269,48542,57.63,MEDIUM
1074,49184,51735,47515,48515,48691,906,46650,47133,51738,251,48146,75,456,47053,53138,51739,48542,49269,57.61,MEDIUM
1074,51735,49184,1023,53124,47515,48515,48691,912,51738,48146,785,75,546,51739,47860,511,48542,57.61,MEDIUM
41890,41418,49184,50776,41427,1023,41243,47133,46634,47346,47077,75,48526,546,48158,50459,46026,48542,57.58,MEDIUM
41890,41418,49184,50776,41427,1023,41243,47133,46634,912,47077,75,48526,546,48158,47053,46026,48542,57.56,MEDIUM
51735,49184,1023,53124,1659,47515,48515,48691,912,51738,48146,785,546,48039,53138,52870,51739,47860,48542,57.53,MEDIUM
1074,49184,1023,1659,47515,48515,48691,912,785,48146,75,48526,546,51733,48039,53138,52870,47860,48542,57.51,MEDIUM
47928,1074,47825,22,636,49184,1023,48625,1659,47515,48691,47133,912,48146,75,546,436,47860,48542,57.5,MEDIUM
1074,41418,41427,42700,1023,1659,47515,41243,41929,46634,46031,785,75,47557,42395,42818,41683,46026,57.44,MEDIUM
47825,49184,42700,43423,28,754,48691,46650,47133,50074,45265,52242,45340,48526,42395,654,42818,47053,47131,48542,338,57.43,MEDIUM
1074,51735,49184,47515,48515,48753,48691,46650,47133,51738,48146,75,456,47053,53138,51739,49269,48542,57.41,MEDIUM
49184,1023,1659,47515,48515,415,48691,912,785,48146,75,48526,546,51733,53138,52870,47860,48542,57.36,MEDIUM
41890,49184,1023,48515,50059,50049,41243,48146,75,50412,48526,546,51816,48158,570,46026,48542,57.35,MEDIUM
1074,49184,51735,47515,48515,48691,46650,47133,51738,251,48146,75,456,47053,53138,51739,49269,48542,57.34,MEDIUM
47928,1074,47825,22,636,49184,1023,48625,1659,47515,47133,912,785,48146,75,400,546,436,47860,48542,57.3,MEDIUM
49184,1023,47515,48515,415,46650,906,47133,50074,51738,785,48146,75,546,47053,53138,52870,51739,48542,57.27,MEDIUM
1074,47825,49184,51735,1023,47515,48515,48753,48691,47133,51738,48146,75,546,52870,51739,49269,48542,57.26,MEDIUM
49184,1023,1659,47515,48515,48691,912,785,48146,75,52306,48526,546,51733,53138,52870,47860,48542,57.24,MEDIUM
1074,47825,51735,49184,1023,47515,48515,48753,48691,47133,912,51738,48146,75,546,52870,51739,48542,49269,57.22,MEDIUM
1074,51735,49184,47515,48515,48691,47133,51738,251,48146,75,456,47053,53138,52870,51739,49269,48542,57.17,MEDIUM
41890,49184,1023,48515,50059,50049,41243,48146,75,50412,48526,546,51816,48158,41683,46026,48542,57.17,MEDIUM
1074,51735,49184,1023,47515,48515,48691,906,51738,48146,785,75,48526,546,53138,52870,51739,511,48542,49269,57.14,MEDIUM
1074,51735,49184,47515,48515,48753,48691,46650,47133,51738,251,48146,75,53138,51739,49269,48542,57.1,MEDIUM
47825,49184,1023,1659,47515,48515,46650,47133,912,48146,785,75,48526,546,48039,47053,52870,47860,48542,57.04,MEDIUM
1074,49184,51735,1023,47515,48515,48691,51738,785,48146,75,456,48526,546,53138,52870,51739,48542,49269,56.96,MEDIUM
41890,1657,49184,1023,48515,531,41243,46403,41935,290,48146,75,45195,48526,546,48158,41683,46026,48542,56.94,MEDIUM
1074,47825,49184,51735,1023,47515,48515,48753,48691,906,47133,51738,48146,75,546,51739,49269,48542,56.89,MEDIUM
1074,49184,1023,1659,47515,48515,48691,912,48146,75,48526,546,51733,48039,50040,53138,52870,47860,48542,56.88,MEDIUM
1074,51735,49184,47515,48515,48691,906,46650,47133,51738,251,48146,75,456,47053,53138,51739,48542,49269,56.83,MEDIUM
1074,51735,49184,47515,48515,48691,46650,47133,51738,251,48146,75,456,47053,53138,52870,51739,48542,49269,56.83,MEDIUM
49184,1023,1659,47515,48515,415,48691,912,336,48146,75,48526,546,51733,53138,52870,47860,1656,48542,56.79,MEDIUM
1074,51735,49184,47515,48515,48691,46650,47133,51738,251,48146,75,456,47053,53138,52870,51739,49269,48542,56.77,MEDIUM
1074,49184,1023,1659,47515,48515,415,48691,912,48146,75,48526,546,51733,50040,53138,52870,47860,48542,56.77,MEDIUM
1074,49184,1023,1659,47515,48515,48691,912,785,48146,75,48526,546,51733,48039,53138,52870,47860,48542,56.75,MEDIUM
1074,49184,1023,1659,47515,48515,48691,912,48146,75,52306,48526,546,51733,50040,53138,52870,47860,48542,56.74,MEDIUM
1074,47825,49184,51735,1023,47515,48515,48753,48691,47133,51738,48146,75,546,47053,52870,51739,49269,48542,56.72,MEDIUM
41890,49184,1023,48515,50059,50049,41243,290,48146,75,50412,48526,546,51816,48158,41683,46026,48542,56.7,MEDIUM
41890,41418,49184,50776,41427,1023,41243,47133,46634,47077,75,48526,546,48158,41683,46026,48542,56.7,MEDIUM
1074,49184,1023,1659,47515,48515,48691,912,48146,785,75,48526,546,51733,53138,52870,47860,48542,56.69,MEDIUM
1074,47825,49184,51735,1023,47515,48515,48753,48691,906,47133,51738,48146,75,546,52870,51739,49269,48542,56.67,MEDIUM
1074,47825,49184,50776,41427,42700,1023,43423,1659,47515,41243,41406,47133,46634,46031,785,75,546,56.66,MEDIUM
47825,49184,1023,1659,47515,48515,48691,51372,47133,912,336,48146,75,48526,546,47053,53138,52870,47860,48542,56.66,MEDIUM
49184,1023,48515,50059,581,50049,48691,41243,48146,75,50412,48526,546,51816,48158,46026,48542,56.62,MEDIUM
47825,51735,49184,1023,47515,48515,48753,48691,906,47133,51738,48146,75,546,52870,51739,49269,48542,56.62,MEDIUM
49184,1023,48515,50059,50049,48691,41243,48146,75,50412,48526,546,51816,48158,41683,46026,48542,56.61,MEDIUM
1074,49184,51735,47515,48515,48691,46650,47133,51738,251,48146,75,456,47053,53138,52870,51739,49269,48542,56.6,MEDIUM
49184,1023,1659,47515,48515,48691,912,48146,785,75,52306,48526,546,51733,53138,52870,47860,48542,56.58,MEDIUM
41890,41418,49184,50776,41427,1023,41243,47133,46634,47077,290,75,48526,546,48158,41683,46026,48542,56.57,MEDIUM
47825,51735,49184,1023,47515,48515,48753,48691,47133,51738,785,48146,75,48526,546,52870,51739,48542,49269,56.56,MEDIUM
1074,49184,51735,47515,48515,48691,46650,47133,51738,251,48146,75,456,47053,53138,52870,51739,48542,49269,56.52,MEDIUM
49184,1023,1659,47515,48515,415,48691,912,336,48146,75,48526,546,51733,53138,52870,47860,48542,56.52,MEDIUM
47825,49184,1023,47515,48515,47133,912,785,48146,75,48526,546,51733,48039,47053,53138,52870,47860,48542,56.51,MEDIUM
1074,49184,51735,47515,48515,48691,46650,47133,51738,251,48146,75,456,47053,53138,52870,51739,48542,49269,56.47,MEDIUM
49184,1023,1659,47515,48515,48691,912,785,48146,75,52306,48526,546,51733,48039,570,53138,49172,52870,47860,48542,56.41,MEDIUM
51735,49184,1023,1659,47515,48515,48691,912,51738,785,48146,75,48526,546,47860,51739,49269,48542,338,56.4,MEDIUM
41890,49184,1023,48515,50059,50049,41243,290,48146,75,50412,48526,546,51816,48158,41683,46026,48542,56.35,MEDIUM
41890,41418,49184,50776,41427,1023,41243,47133,46634,912,47077,75,48526,546,48158,46026,48542,56.33,MEDIUM
138,49184,1023,1659,47515,48515,415,48691,912,48146,75,48526,546,51733,50040,53138,52870,47860,48542,56.28,MEDIUM
47825,49184,1023,1659,47515,48515,46650,47133,912,785,48146,75,48526,546,51733,52870,47860,48542,56.27,MEDIUM
41890,49184,1023,48515,50059,50049,41243,48146,75,50412,48526,546,51816,48158,1186,41683,46026,48542,56.26,MEDIUM
1074,47825,49184,51735,1023,47515,48515,48753,48691,47133,51738,48146,75,546,53138,52870,51739,49269,48542,56.21,MEDIUM
1074,51735,49184,47515,48515,48691,906,46650,47133,51738,251,48146,75,456,47053,53138,51739,48542,49269,56.19,MEDIUM
420,47825,51735,49184,28,47511,48691,46650,47133,50074,51738,51380,52935,654,47053,47131,51739,49269,56.16,MEDIUM
1074,49184,1023,1659,47515,48515,48691,912,48146,75,52306,48526,546,51733,48039,53138,52870,47860,48542,56.15,MEDIUM
1074,49184,1023,1659,47515,48515,48691,912,48146,785,75,48526,546,51733,50040,53138,52870,47860,48542,56.14,MEDIUM
1074,47825,138,49184,1023,1659,47515,48515,48691,47133,52438,48146,785,75,400,546,48039,52870,48542,56.11,MEDIUM
47825,51735,49184,1023,47515,48515,48753,48691,47133,51738,785,48146,75,546,52870,51739,49269,48542,56.11,MEDIUM
1023,53124,1659,47515,48515,50059,50602,50049,912,48146,75,50412,48526,546,51816,52870,48542,56.09,MEDIUM
49184,1023,48515,50059,50049,48691,41243,290,48146,75,50412,48526,546,51816,48158,1186,46026,48542,56.09,MEDIUM
49184,1023,1659,47515,48515,415,48691,912,48146,75,52306,48526,546,51733,53138,52870,47860,48542,55.9,MEDIUM
636,49184,1023,53124,1659,47515,754,48515,912,52438,336,48146,785,75,546,48039,52870,47860,48542,55.9,MEDIUM
51735,49184,1023,1659,47515,48515,48691,906,51738,785,48146,75,51733,49356,53138,51739,48542,49269,55.89,MEDIUM
49184,1023,1659,47515,48515,415,48691,912,48146,75,52306,48526,546,51733,50040,53138,52870,47860,48542,55.89,MEDIUM
1074,47825,51735,49184,1023,47515,48515,48691,906,47133,51738,251,48146,75,53138,46667,51739,48542,49269,55.79,MEDIUM
41890,41418,49184,50776,41427,1023,41243,47133,46634,912,47077,290,75,48526,546,48158,46026,48542,55.77,MEDIUM
47825,49184,42700,43423,28,1659,754,48691,46650,47133,50074,45265,52242,50056,45340,42395,654,42818,47053,48542,338,55.74,MEDIUM
41890,49184,1023,48515,50059,50049,531,41243,290,48146,75,50412,48526,546,51816,48158,46026,48542,55.73,MEDIUM
51735,49184,50408,48515,50059,50602,50049,47133,51738,48146,75,50412,48526,546,51816,52413,1186,51739,48542,55.67,MEDIUM
1074,49184,1023,1659,47515,48515,415,48691,912,48146,75,52306,48526,546,51733,50040,53138,52870,47860,48542,55.65,MEDIUM
47825,49184,51735,1023,47515,48515,48753,48691,47133,51738,48146,75,48526,546,52870,51739,48542,49269,55.58,MEDIUM
1074,51735,49184,1023,1659,47515,48515,48691,51738,48146,75,48526,546,53138,52870,51739,511,48542,49269,55.57,MEDIUM
49184,1023,53124,1659,47515,48515,48691,912,48146,75,48526,546,51733,48039,52413,53138,52870,47860,48542,55.57,MEDIUM
49184,1023,48515,50059,50049,48691,41243,48146,75,50412,48526,546,51816,48158,1186,41683,46026,48542,55.56,MEDIUM
49184,1023,1659,47515,48515,48691,912,48146,75,52306,48526,546,51733,50040,53138,52870,47860,48542,55.54,MEDIUM
47825,51735,49184,53124,1659,47515,48515,48753,47133,912,51738,48146,785,75,53138,51739,49269,48542,55.53,MEDIUM
47825,49502,51735,49184,50066,50408,47511,50059,50602,50049,47133,51738,48146,50412,546,51816,1186,47053,51739,55.51,MEDIUM
49184,1023,50408,47515,48515,50059,50602,50049,912,785,48146,75,48526,546,47241,51816,52870,47860,48542,55.48,MEDIUM
1074,47825,51735,49184,1023,47515,48515,48753,48691,47133,51738,48146,75,456,546,52870,51739,49269,48542,55.4,MEDIUM
1074,47825,49184,51735,1023,47515,48515,48753,48691,906,51738,48146,75,546,52870,51739,49269,48542,55.38,MEDIUM
47928,1074,47825,22,636,49184,1023,48625,1659,47515,47133,912,48146,75,400,546,436,47860,48542,55.34,LOW
1074,49184,51735,47515,48515,48691,46650,47133,51738,251,48146,75,456,53138,52870,51739,49269,48542,55.32,LOW
1074,47825,49184,1023,1659,47515,48515,415,48691,47133,912,785,48146,75,546,51733,53138,52870,48542,55.26,LOW
41890,1657,49184,1023,48515,531,41243,46403,290,48146,75,45195,48526,546,48158,41683,46026,48542,55.19,LOW
49184,1023,1659,47515,48515,48691,912,48146,75,52306,48526,546,51733,48039,50040,53138,52870,47860,48542,55.18,LOW
49184,1023,1659,47515,48515,415,48691,912,48146,785,75,48526,546,51733,53138,52870,47860,48542,55.17,LOW
41890,1657,49184,1023,48515,48691,531,41243,290,48146,75,45195,48526,546,48158,570,46026,48542,55.16,LOW
47928,1074,22,636,49184,42700,1023,48625,1659,47515,48691,912,251,48146,75,48526,546,436,47860,48542,55.08,LOW
1074,47825,49184,51735,1023,47515,48515,48753,48691,47133,51738,48146,75,456,546,51739,48542,49269,55.08,LOW
47825,49184,1023,1659,47515,48515,48691,47133,912,48146,75,48526,546,51733,48039,53138,52870,47860,48542,55.07,LOW
1074,47825,51735,49184,1023,47515,48515,48691,47133,51738,48146,75,546,48039,53138,52870,47860,51739,49269,48542,55.04,LOW
47825,51735,49184,1023,47515,48515,48753,48691,47133,912,51738,48146,75,546,52870,51739,49269,48542,55.01,LOW
1074,47825,51735,49184,1023,47515,48515,48753,48691,47133,51738,785,48146,75,546,52870,51739,49269,48542,55.0,LOW
1074,47825,51735,49184,1023,47515,48515,48691,51738,785,48146,75,48526,546,51733,52870,47860,51739,48542,55.0,LOW
1074,49184,1023,1659,47515,48515,906,290,785,48146,75,48526,546,51733,53138,52870,47860,48542,338,54.91,LOW
49184,1023,1659,47515,48515,48691,912,785,48146,75,52306,48526,546,51733,48039,53138,52870,47860,48542,54.88,LOW
47825,49184,1023,1659,47515,48515,48691,47133,912,785,48146,75,52306,48526,546,51733,52870,47860,48542,54.87,LOW
1074,47825,51735,49184,1023,47515,48515,48691,47133,51738,48146,75,546,53138,51739,48542,49269,338,54.86,LOW
51735,49184,1023,1659,754,47515,48515,48691,906,51738,48146,785,75,51733,49356,53138,51739,49269,48542,54.75,LOW
49184,1023,1659,47515,48515,48691,906,48146,75,52306,48526,546,51733,50040,53138,52870,47860,48542,54.62,LOW
49184,1023,1659,47515,48515,48691,912,785,48146,75,52306,48526,546,51733,48039,53138,52870,47860,48542,54.61,LOW
1074,49184,1023,1659,47515,48515,48691,906,48146,75,52306,48526,546,51733,50040,53138,52870,47860,48542,54.55,LOW
41890,41418,49184,41427,1023,50059,50049,41243,46634,75,50412,48526,546,51816,48158,41683,46026,54.53,LOW
41890,1657,49184,1023,48515,531,41243,46403,290,48146,75,45195,48526,546,48158,41683,570,46026,48542,54.52,LOW
47928,1074,47825,22,636,49184,42700,1023,48625,1659,47515,48691,47133,912,48146,75,400,546,436,47860,48542,54.46,LOW
49184,1023,48515,50059,50049,41243,290,48146,75,50412,48526,546,51816,48158,1186,41683,46026,48542,54.46,LOW
1074,49184,50776,41427,42700,1023,43423,1659,47515,41243,41406,46634,46031,785,75,546,42395,54.35,LOW
41890,1657,49184,1023,48515,559,48691,531,41243,41935,290,48146,75,45195,48526,546,48158,41683,46026,48542,54.29,LOW
47825,49184,1023,1659,47515,48515,48691,47133,912,48146,785,75,48526,546,51733,48039,52870,47860,48542,54.18,LOW
49184,1023,50408,47515,48515,50059,50602,50049,48146,48526,546,47241,51816,1186,53138,52870,47860,48542,54.04,LOW
49184,1023,1659,47515,48515,415,48691,912,48146,75,48526,546,51733,53138,52870,47860,1656,48542,54.02,LOW
338,47825,49184,50776,42700,43423,28,754,48691,46650,47133,50074,42698,50056,45340,654,42818,47053,47131,51136,53.95,LOW
47825,51735,49184,1023,47515,48515,48753,48691,47133,51738,48146,75,546,52870,51739,47860,48542,49269,53.81,LOW
41890,1657,49184,1023,48515,48691,531,41243,290,48146,75,45195,48526,546,48158,46026,48542,53.79,LOW
41890,1657,49184,1023,48515,48691,531,41243,290,48146,75,45195,48526,546,48158,41683,46026,48542,53.78,LOW
41418,49184,50776,41427,1023,41243,47133,46634,47346,47077,290,75,48526,546,48158,46026,48542,53.78,LOW
1074,49184,1023,1659,47515,48515,912,290,785,48146,75,48526,546,51733,53138,52870,47860,48542,338,53.74,LOW
47825,51735,49184,47515,48515,50602,48753,47133,51738,785,48146,75,48526,51739,511,49269,48542,53.73,LOW
51735,49184,1023,47515,48515,415,48753,48691,51738,785,48146,75,546,53138,52870,51739,47860,49269,48542,53.64,LOW
41890,1657,49184,1023,48515,531,41243,46403,290,48146,75,45195,48526,546,48158,570,46026,48542,53.63,LOW
49184,1023,50408,47515,48515,50059,50602,50049,912,785,48146,75,48526,546,51733,51816,52870,48542,53.59,LOW
49184,1023,47515,48515,50059,50602,50049,912,48146,75,48526,546,48039,51816,53138,52870,47860,48542,53.58,LOW
1074,49184,1023,1659,47515,48515,912,290,785,48146,75,52306,48526,546,51733,48039,53138,52870,47860,48542,53.41,LOW
1657,51735,49184,1023,1659,47515,48515,912,51738,785,48146,75,48526,546,51733,52870,51739,48542,53.37,LOW
1074,49184,1023,1659,47515,48515,912,290,48146,785,75,52306,48526,546,51733,53138,52870,47860,48542,53.35,LOW
47825,49184,1023,1659,47515,48515,47133,912,48146,785,75,48526,546,51733,48039,47053,52870,47860,48542,53.34,LOW
338,47825,41247,49184,50776,42700,43423,28,754,48691,46650,47133,50074,42442,50056,45340,654,42818,47053,47131,51136,53.33,LOW
49184,1023,1659,47515,48515,48691,912,48146,75,52306,48526,546,51733,48039,50040,53138,52870,47860,48542,53.23,LOW
47825,1037,49184,1023,47515,48515,50049,47133,912,48146,75,546,51816,48039,47053,52870,47860,48542,53.14,LOW
41890,1657,49184,1023,48515,559,531,46403,41935,290,48146,75,45195,48526,546,48158,41683,570,46026,48542,53.13,LOW
1074,51735,49184,47515,48515,48753,48691,46650,47133,51738,251,48146,75,456,47053,53138,51739,48542,49269,53.11,LOW
47825,51735,49184,1023,47515,48515,48753,48691,47133,51738,48146,75,546,52870,51739,47860,48542,49269,53.08,LOW
49184,1023,47515,48515,50602,50049,912,48146,75,50412,48526,546,51733,51816,48039,53138,52870,47860,48542,53.06,LOW
1074,49184,1023,1659,47515,48515,912,290,48146,785,75,48526,546,51733,48039,53138,52870,47860,48542,52.99,LOW
47825,49184,1023,1659,47515,48515,46650,47133,912,48146,785,75,48526,546,51733,52870,47860,48542,52.97,LOW
41890,49184,1023,48515,48691,531,41259,41243,48146,75,45195,48526,546,48158,41683,570,46026,48542,52.86,LOW
41890,49184,1023,48515,50059,50049,41243,48146,75,50412,48526,546,51816,48158,1186,46026,48542,52.85,LOW
49184,1023,1659,47515,48515,48691,912,48146,75,52306,48526,546,51733,48039,53138,52870,47860,48542,52.83,LOW
1074,47825,48536,51735,49184,28,48515,48691,906,47133,51738,48146,47053,49356,51739,49269,48542,52.63,LOW
338,47825,636,51735,53124,47511,1659,48691,46650,47133,51738,400,654,47053,53138,596,51739,52.47,LOW
1074,49184,1023,1659,47515,48515,415,48691,912,48146,75,52306,48526,546,51733,53138,52870,47860,48542,52.23,LOW
41890,1657,49184,1023,48515,48691,531,41243,290,48146,75,45195,48526,546,48158,41683,570,46026,48542,52.12,LOW
41890,49184,1023,48515,531,41243,46403,41935,290,48146,75,45195,48526,546,48158,41683,570,46026,48542,52.11,LOW
47825,49184,51735,1023,47515,48515,48753,48691,47133,51738,48146,75,546,48039,52870,51739,49269,48542,52.1,LOW
49163,338,834,47928,1074,1023,51734,47515,48515,50602,52438,49019,48146,785,75,546,401,1186,47860,52086,51.86,LOW
49184,1023,1659,47515,48515,415,48691,912,48146,75,52306,48526,546,51733,53138,52870,47860,52434,48542,51.81,LOW
834,47928,1074,46077,42700,1023,47515,48515,46058,49019,42998,48146,785,46442,546,42818,1186,50040,41401,47860,51.65,LOW
1074,49184,1023,1659,47515,48515,48691,912,48146,75,52306,48526,546,51733,48039,50040,53138,52870,47860,48542,51.36,LOW
41890,49184,48515,50059,50049,41243,41935,48146,75,50412,48526,546,51816,48158,1186,41683,570,46026,48542,51.33,LOW
1074,47825,636,49184,51735,53124,28,47133,51738,785,48146,400,456,47053,596,51739,49269,48542,338,51.26,LOW
49184,1023,1659,47515,48515,415,48691,912,48146,75,52306,48526,546,51733,53138,52870,47860,48542,51.26,LOW
338,47825,636,51735,53124,28,47511,1659,48691,46650,47133,51738,400,654,47053,596,51739,51.15,LOW
1074,49184,1023,1659,47515,48515,906,912,48146,785,75,48526,546,51733,48039,53138,52870,47860,48542,51.15,LOW
41890,1657,49184,1023,48515,531,41243,46403,46874,290,48146,75,45195,48526,546,48158,41683,46026,48542,51.12,LOW
1074,49184,1023,1659,47515,48515,415,48691,906,48146,75,48526,546,51733,50040,53138,52870,47860,48542,50.9,LOW
49184,1023,1659,47515,48515,415,48691,906,48146,785,75,48526,546,51733,53138,52870,47860,48542,50.88,LOW
41890,49184,1023,48515,48691,531,41243,46403,734,290,48146,75,45195,48526,546,48158,41683,46026,48542,50.71,LOW
49184,1023,50408,47515,48515,50059,50602,50049,785,48146,75,50412,48526,546,47241,48039,51816,52870,50.59,LOW
1074,49184,1023,1659,47515,48515,906,290,785,48146,75,52306,48526,546,51733,53138,52870,47860,48542,50.59,LOW
47825,49184,51735,53124,1659,47515,48515,48691,47133,912,51738,251,785,48146,47860,51739,48542,49269,50.52,LOW
49163,338,47928,1074,49184,1023,51734,47515,48515,50602,52438,49019,785,48146,75,546,47860,52086,50.44,LOW
1074,49184,1023,47515,48515,50602,50049,48691,912,48146,785,75,48526,546,51733,50040,52870,47860,48542,50.4,LOW
41890,49184,1023,48515,531,41243,912,290,48146,75,45195,48526,546,48158,401,41683,46026,48542,50.29,LOW
338,47928,47825,49184,42700,28,50796,1659,46551,46650,47133,50074,45519,50056,45340,42395,654,538,42818,47053,49.88,LOW
338,49163,47928,834,1074,1023,53124,47515,48515,50602,52438,48146,785,75,546,401,1186,47860,52086,49.75,LOW
41890,1657,49184,48515,531,41243,46403,41935,290,48146,75,45195,48526,546,48158,41683,570,46026,48542,49.45,LOW
338,49502,49184,42700,50066,50408,47515,50059,50602,50049,48691,47133,50412,50056,546,47241,51816,654,1186,47053,49.42,LOW
338,47928,47825,49184,42700,28,46551,1659,48691,46650,47133,50074,45519,50056,45340,42395,654,538,42818,47053,49.25,LOW
338,49502,49184,42700,50066,50408,47515,50059,50602,50049,48691,50412,400,546,47241,51816,654,1186,48.45,LOW
47825,49184,1023,53124,1659,47515,48515,46650,906,47133,785,48146,75,52306,48526,546,51733,52870,47860,48542,48.1,LOW
41890,1657,49184,48515,531,41243,46403,46874,290,48146,75,45195,48526,546,48158,41683,570,46026,48542,48.05,LOW
790,51735,49066,28,559,724,1007,51738,680,400,878,456,999,654,401,51739,511,47.99,LOW
47928,47825,49184,50454,42700,1023,50408,48515,50602,50049,47133,41400,48146,75,48526,546,51816,47053,48542,47.97,LOW
47825,49184,42700,50066,50408,50054,50059,50602,50049,46650,50074,42698,50412,546,46442,51816,1186,47053,596,47.42,LOW
1074,47825,49184,42700,1023,1659,47515,48515,42766,48691,41406,47133,785,48146,75,400,546,48542,47.41,LOW
338,47928,1074,636,49184,50776,1023,51734,47515,50074,47346,48146,785,75,48526,546,51737,50459,52086,47.34,LOW
338,47825,49502,49184,42700,50066,50408,47511,50059,50602,50049,47133,50412,546,51816,654,1186,47053,47.1,LOW
47928,1074,1037,42700,50066,1023,50408,50059,50602,50049,48691,41929,785,48146,75,50412,546,51816,1186,47.02,LOW
1074,47825,51735,49184,53124,1659,48515,47133,912,51738,785,48146,400,52870,47860,51739,511,48542,49269,46.77,LOW
1074,47825,49184,1023,52954,48625,1659,47515,48983,48691,46650,47133,785,48146,75,546,50040,47860,46.54,LOW
1074,49184,1023,1659,47515,48515,415,912,48146,785,75,52306,48526,546,51733,53138,52870,47860,48542,46.5,LOW
338,1074,46077,42700,43423,50054,47515,45775,46058,52438,49019,42998,785,42630,46442,43505,42818,47693,47860,46.46,LOW
338,49163,834,47928,1074,636,1023,51734,47515,48515,50602,51372,52438,49019,48146,785,75,546,401,1186,47860,52086,46.27,LOW
42700,50066,1023,50408,1659,47515,50059,50602,50049,41929,912,50412,546,47241,51816,1186,50040,47860,45.6,LOW
49502,50066,1023,50408,1659,47515,50059,50602,50049,912,50412,546,47241,51816,52413,1186,52418,50040,47860,44.48,LOW
48100,49184,42700,47511,47775,48515,48691,46650,47133,48142,48146,48552,49356,47053,50040,47131,47781,43.5,LOW
47928,1074,49184,42700,50454,1023,1659,47515,48515,50059,50602,42766,50049,912,41400,48146,785,75,546,47860,48542,43.47,LOW
400,1023,608,308,785,285,636,654,338,401,1155,28,790,304,768,1659,22,34.81,LOW
