48886,47855,47840,48536,49184,52790,47841,1243,559,778,48983,47842,49161,48185,48552,49356,985,63.32,HIGH
699,48201,296,1243,45537,437,49824,606,1261,43398,41353,1047,50212,1281,41358,45707,43357,61.12,HIGH
48201,699,296,1243,437,49824,606,1261,43398,1047,50212,50608,1281,41358,45707,43357,141,60.59,HIGH
48201,699,296,1243,45537,437,49824,51159,606,1261,43398,1047,50212,1281,41358,45707,43357,60.22,HIGH
48201,699,296,52894,1243,437,49824,52070,606,1261,52089,1047,50212,52935,50608,1281,49819,59.95,HIGH
41418,49184,41304,46390,45537,42707,41259,47488,47346,42652,43398,45195,1047,48185,45340,50459,1144,41286,763,43357,59.8,HIGH
296,1243,45537,519,437,45546,585,43369,43359,43398,48519,1047,43363,1662,43357,141,59.8,HIGH
49447,48201,42525,699,296,45537,519,437,49824,585,43398,43359,814,43363,50212,1281,41358,455,43357,45707,49819,59.69,HIGH
699,48201,45930,296,1243,45537,437,49824,606,1261,43398,1047,50212,1281,41358,45707,43357,141,59.42,HIGH
699,68,50377,296,1243,437,49824,42711,1047,50608,1281,41358,1003,45707,43357,59.38,HIGH
699,296,1243,45537,437,49824,606,1261,43398,1047,50212,1281,41358,45707,43357,141,59.38,HIGH
699,296,1243,45537,437,49824,1261,1662,1281,41358,1003,43357,45707,985,141,59.28,HIGH
48201,699,296,1243,45537,437,49824,51159,606,1261,43398,1047,50212,1281,41358,43357,45707,141,59.27,HIGH
896,296,45537,519,437,45546,585,43369,43398,43359,50466,48519,1047,43363,1093,43357,141,49819,59.26,HIGH
48201,699,296,1243,45537,437,49824,606,1261,43398,50466,1047,50212,1281,41358,45707,43357,59.22,HIGH
50660,296,1243,50410,437,49824,47488,50659,1261,43398,50466,42711,50608,1281,41358,1003,45707,43357,59.21,HIGH
41418,49184,41304,46390,45537,42707,41259,47488,47346,42652,43398,45195,1047,48185,45340,41683,1144,50459,41286,763,43357,59.2,HIGH
48886,47855,48536,49184,47924,52790,47841,48529,48983,47488,47842,49161,1047,48185,48552,49356,46667,59.13,HIGH
48201,699,296,1243,437,49824,606,1261,290,1047,50212,50608,1281,41358,45707,43357,59.09,HIGH
48886,47855,47840,48536,49184,52790,47841,559,48700,52082,47842,49161,1047,48185,48552,49356,763,46667,59.07,HIGH
49184,41304,46390,45537,42707,41259,47488,47346,734,42652,43398,45195,1047,48185,45340,41683,1144,50459,41286,763,43357,59.06,HIGH
41418,49184,41304,46390,45537,42707,41259,47488,47346,42652,43398,41366,45195,1047,48185,45340,1093,1144,763,43357,59.02,HIGH
49184,41304,46390,45537,754,42707,41259,47488,47346,42652,43398,45195,1047,48185,45340,41683,1144,50459,41286,763,43357,59.01,HIGH
699,48201,45930,296,1243,437,49824,606,1261,43398,1047,50212,50608,1281,41358,43357,45707,58.97,HIGH
699,48201,296,1243,45537,437,49824,606,43398,1047,50212,1281,41358,45707,43357,985,58.96,HIGH
699,48201,296,1243,437,49824,606,1261,43398,50466,1047,50212,50608,1281,41358,45707,43357,58.94,HIGH
699,296,1243,437,49824,606,1261,43398,50466,1047,50212,50608,1281,41358,43357,45707,58.87,HIGH
41418,45287,46390,46445,45537,42707,47488,41323,47346,42652,43398,45340,1093,42395,42818,50459,1144,41286,43357,58.85,HIGH
296,1243,437,49824,50532,41353,50466,42711,45265,50608,1281,41358,1003,45707,43357,985,58.83,HIGH
49447,48201,42525,699,296,45537,519,437,49824,585,43398,43359,43363,1093,50212,1281,41358,455,45707,43357,49819,58.77,HIGH
48201,699,296,1243,45537,437,49824,51159,606,1261,43398,1047,50212,1281,41358,43357,45707,58.75,HIGH
296,1243,45537,519,437,45546,585,46450,43369,43359,43398,50466,48519,1047,43363,1662,1093,43357,49819,58.73,HIGH
49184,41304,46390,45537,42707,41259,531,47488,47346,42652,43398,41366,45195,1047,48185,45340,1093,1144,763,43357,58.71,HIGH
699,296,1243,437,49824,606,1261,43398,41353,42711,50608,1281,41358,1003,45707,43357,58.66,HIGH
699,48201,296,52894,1243,437,49824,606,1261,52089,1047,50212,52935,50608,1281,443,985,58.64,HIGH
699,48201,296,1243,437,49824,606,1261,43398,1047,50212,50608,1281,41358,45707,43357,58.6,HIGH
49184,41304,46390,45537,42707,41259,47488,47346,42652,43398,45195,1047,48185,45340,50459,1144,41286,763,46667,43357,58.55,HIGH
49447,699,48201,296,52894,1243,519,437,49824,51159,52070,606,52089,1047,50212,1093,1281,455,49819,47128,58.52,HIGH
699,48201,296,52894,1243,437,49824,606,1261,52089,50212,52935,50608,1281,985,49819,58.49,HIGH
699,48201,46940,296,1243,45537,437,49824,606,1261,43398,1047,50212,1281,41358,45707,43357,58.48,HIGH
699,48201,296,1243,437,49824,606,1261,43398,50466,1047,50212,50608,1281,41358,43357,45707,58.47,HIGH
49184,41304,46390,45537,42707,41259,47488,47346,42652,43398,45195,1047,48185,45340,41683,1144,41286,763,46667,43357,58.45,HIGH
699,296,1243,437,49824,1261,41353,50466,42711,1662,50608,1281,41358,1003,43357,45707,58.45,HIGH
49184,41304,46390,45537,754,42707,41259,47488,47346,42652,43398,45195,1047,48185,45340,41683,50459,1144,41286,763,43357,58.43,HIGH
48886,47855,47840,48536,49184,52790,47841,559,48700,52082,47842,49161,1047,48185,48552,49356,763,58.37,HIGH
49184,50776,41304,46390,45537,42707,41259,47488,47346,734,42652,43398,45195,1047,48185,45340,50459,1144,763,43357,58.35,HIGH
49184,41304,46390,45537,42707,41259,47488,47346,42652,43398,45195,1047,48185,45340,1093,41683,1144,41286,43357,58.34,HIGH
699,296,1243,437,49824,43398,41353,50466,42711,1662,50608,1281,41358,1003,43357,45707,58.32,HIGH
296,1243,45537,519,437,45546,585,43369,43398,43359,50466,48519,1047,43363,1662,1093,43357,141,49819,58.26,HIGH
49184,41304,46390,45537,42707,41259,47488,47346,42652,43398,45195,1047,48185,45340,1093,41683,1144,41286,763,43357,58.25,HIGH
41418,49184,41304,46390,45537,754,41259,47488,47346,42652,43398,45195,1047,48185,45340,1144,41286,763,43357,58.25,HIGH
48201,699,296,1243,45537,437,49824,606,1261,43398,50466,1047,50212,50608,1281,41358,45707,43357,58.24,HIGH
41418,49184,41304,46390,45537,42707,41259,47488,47346,42652,43398,45195,1047,48185,45340,1093,1144,50459,41286,763,43357,58.24,HIGH
41418,49184,41304,46390,45537,42707,41259,47488,47346,42652,43398,45195,1047,48185,45340,1144,50459,41286,43357,58.22,HIGH
49184,41304,46390,45537,42707,41259,47488,47346,734,42652,43398,45195,1047,48185,45340,41683,1144,50459,763,43357,58.22,HIGH
48201,699,296,1243,437,49824,606,1261,43398,1047,50212,50608,1281,41358,43357,45707,58.21,HIGH
48201,699,296,1243,45537,437,49824,606,1261,43398,1047,50212,1281,41358,43357,45707,141,58.2,HIGH
48201,699,296,1243,45537,437,49824,606,1261,43398,50466,1047,50212,1281,41358,43357,45707,58.19,HIGH
296,1243,437,49824,43398,41353,50466,42711,45265,50608,1281,41358,1003,45707,43357,985,58.17,HIGH
48201,699,296,1243,45537,437,49824,51159,606,1261,43398,1047,50212,50608,1281,41358,43357,45707,58.17,HIGH
296,45537,519,437,45546,585,43359,43398,50466,48519,1047,43363,1662,1093,43357,141,49819,58.11,HIGH
41418,49184,41304,46390,45537,42707,41259,47488,47346,42652,43398,45195,1047,48185,45340,41683,1144,50459,41286,43357,58.11,HIGH
49447,42525,296,45537,519,437,585,43359,43398,814,50471,43363,1662,50421,158,455,43357,49819,47128,58.1,HIGH
48201,699,296,1243,45537,437,49824,606,1261,1047,50212,1281,41358,43357,45707,58.09,HIGH
48201,699,296,52894,1243,437,49824,606,1261,47343,52089,1047,50212,52935,50608,1281,985,58.06,HIGH
49447,699,48201,296,52894,519,437,49824,52070,585,52089,814,1662,1093,50212,52935,1281,455,49819,47128,58.04,HIGH
699,48201,296,52894,1243,437,49824,606,1261,52089,1047,50212,52935,50608,1281,985,49819,58.03,HIGH
699,48201,296,1243,437,49824,606,1261,43398,50466,1047,50212,50608,1281,41358,43357,45707,58.02,HIGH
48201,699,296,1243,45537,437,51159,49824,606,1261,43398,1047,50212,1281,41358,43357,45707,141,58.02,HIGH
48201,699,46940,296,1243,45537,437,49824,606,1261,43398,1047,50212,1281,41358,43357,45707,141,58.01,HIGH
42791,49184,46940,41304,46390,45537,42707,41259,47488,47346,42652,43398,45195,1047,48185,45340,1144,50459,41286,763,43357,58.0,HIGH
48886,47855,47840,48536,49184,52790,47841,1243,559,48983,906,47842,49161,48185,48552,49356,985,58.0,HIGH
699,48201,296,1243,45537,437,49824,606,1261,43398,50466,1047,50212,1281,41358,45707,43357,57.99,HIGH
49447,42525,48201,296,45537,519,437,49824,585,43359,43398,43363,1093,50212,1281,41358,455,43357,45707,141,49819,57.98,HIGH
48201,699,296,1243,45537,437,51159,49824,606,1261,43398,1047,50212,1281,41358,43357,45707,57.97,HIGH
296,45537,519,437,45546,585,43369,43359,43398,50466,48519,1047,43363,1093,43357,141,49819,57.95,HIGH
41418,49184,41304,46390,45537,754,41259,47488,47346,42652,43398,45195,1047,48185,45340,41683,1144,50459,46667,43357,57.89,HIGH
41418,45287,49184,46390,46445,45537,754,42707,47488,41323,47346,42652,43398,45340,42395,42818,50459,1144,41286,43357,57.88,HIGH
49184,46940,41304,46390,45537,42707,41259,47488,47346,42652,43398,45195,1047,48185,45340,1144,50459,41286,43357,57.87,HIGH
48886,47855,47840,48536,49184,52790,445,47841,48700,52082,47842,49161,1047,48185,48552,49356,763,57.85,HIGH
699,296,1243,437,49824,606,1261,43398,50466,1047,50212,50608,1281,41358,45707,43357,57.83,HIGH
49184,41304,46390,45537,42707,41259,47488,47346,42652,43398,45195,1047,48185,45340,1093,1144,50459,41286,43357,57.83,HIGH
48201,699,296,1243,437,51159,49824,606,1261,43398,1047,50212,50608,1281,41358,45707,43357,57.82,HIGH
48201,699,296,1243,437,49824,606,47343,43398,1047,50212,50608,1281,41358,45707,43357,57.81,HIGH
49184,41304,46390,45537,42707,41259,47488,47346,42652,43398,45195,1047,48185,45340,1093,41683,1144,50459,41286,43357,57.8,HIGH
49184,50776,41304,46390,45537,42707,41259,47488,47346,42652,43398,45195,1047,48185,45340,41683,1144,50459,763,43357,57.79,HIGH
48201,699,296,1243,437,49824,606,1261,43398,1047,50212,50608,1281,41358,45707,43357,57.78,HIGH
48201,699,296,1243,45537,437,49824,606,1261,43398,1047,50212,50608,1281,41358,43357,45707,141,57.78,HIGH
699,48201,296,1243,45537,437,49824,606,1261,43398,1047,50212,50608,1281,41358,43357,45707,141,57.77,HIGH
41418,49184,41304,46390,45537,42707,41259,47488,47346,42652,43398,45195,1047,48185,45340,41683,1144,41286,763,43357,57.77,HIGH
49447,48201,699,296,52894,1243,519,437,49824,51159,52070,606,585,52089,1047,50212,1093,1281,455,49819,47128,57.73,HIGH
49447,42525,48201,699,46940,296,45537,519,437,49824,585,43359,43398,43363,50212,1281,41358,455,45707,43357,49819,57.73,HIGH
699,45930,296,1243,437,49824,606,1261,43398,1047,50212,50608,1281,41358,43357,45707,57.72,HIGH
48201,699,296,52894,1243,437,49824,606,1261,52089,1047,50212,52935,50608,1281,985,57.69,HIGH
699,48201,296,52894,1243,437,49824,606,1261,52089,1047,50212,52935,50608,1281,985,57.67,HIGH
699,48201,296,1243,437,49824,606,1261,50466,1047,50212,50608,1281,41358,45707,43357,57.66,HIGH
699,48201,296,1243,437,49824,606,1261,43398,50466,1047,50212,50608,1281,41358,45707,43357,57.64,HIGH
50660,296,52894,1243,437,49824,47488,606,50659,1261,50466,52935,50608,1281,1003,985,57.6,HIGH
49184,41304,46390,45537,42707,41259,47488,47346,734,42652,43398,45195,1047,48185,45340,41683,1144,41286,763,43357,57.6,HIGH
48201,699,296,1243,45537,437,49824,606,1261,43398,1047,50212,1281,41358,45707,43357,141,57.59,HIGH
699,48201,46940,296,1243,437,49824,606,52089,1047,50212,52935,50608,1281,443,141,49819,57.59,HIGH
296,1243,45537,519,437,45546,585,43369,43359,43398,50466,48519,1047,43363,1662,1093,43357,141,49819,57.56,HIGH
49184,41304,46390,45537,42707,41259,47488,47346,734,42652,43398,45195,1047,48185,45340,41683,1144,50459,41286,43357,57.54,HIGH
699,48201,296,1243,45537,437,49824,51159,606,1261,43398,1047,50212,1281,41358,43357,45707,141,57.5,HIGH
49447,699,42525,48201,46940,296,519,437,49824,585,43359,43398,814,43363,50212,1281,41358,455,45707,43357,49819,57.46,HIGH
699,48201,296,1243,45537,437,49824,606,47343,43398,1047,50212,41358,45707,43357,141,57.44,HIGH
49447,48201,42525,699,296,519,437,49824,585,43398,43359,814,43363,1662,50212,1281,41358,455,45707,43357,49819,57.41,HIGH
48886,47855,47840,48536,49184,52790,559,48700,52082,47842,49161,1047,48185,48552,49356,763,46667,57.38,HIGH
699,48201,296,1243,45537,437,49824,606,1261,43398,42711,1047,50212,1281,41358,43357,45707,57.36,HIGH
49184,41304,46390,45537,42707,41259,47488,47346,734,42652,43398,45195,1047,48185,45340,41683,1144,41286,763,43357,57.35,HIGH
48201,699,296,1243,45537,437,49824,606,1261,43398,1047,50212,50608,1281,41358,43357,45707,141,57.32,HIGH
48201,699,296,1243,45537,437,49824,606,1261,43398,50466,1047,50212,50608,1281,41358,43357,45707,141,57.31,HIGH
48886,47855,47840,48536,49184,52790,47841,559,48700,47842,49161,1047,48185,48552,49356,763,47781,57.3,HIGH
42791,49184,41304,46390,45537,42707,41259,47488,47346,42652,43398,45195,1047,48185,45340,50459,1144,41286,763,43357,57.3,HIGH
49184,41304,46390,45537,42707,41259,47488,47346,42652,43398,45195,1047,48185,45340,1093,50459,1144,41286,763,43357,57.27,HIGH
48201,699,296,1243,45537,437,49824,606,1261,43398,50466,1047,50212,50608,1281,41358,43357,45707,57.27,HIGH
48201,699,296,1243,45537,437,49824,606,1261,43398,1047,50212,1281,41358,43357,45707,57.27,HIGH
49184,41304,46390,45537,42707,41259,47488,47346,734,42652,43398,45195,1047,48185,45340,50459,1144,41286,763,43357,57.26,HIGH
699,48201,296,1243,45537,437,49824,606,43398,1047,50212,1281,41358,45707,43357,141,57.24,HIGH
48201,699,296,1243,45537,437,49824,606,1261,43398,50466,1047,50212,1281,41358,43357,45707,57.23,HIGH
49447,699,48201,42525,296,1243,45537,519,437,49824,585,43359,43398,43363,50212,1281,41358,455,45707,43357,141,49819,57.22,HIGH
699,48201,296,1243,437,49824,606,1261,43398,1047,50212,50608,1281,41358,43357,45707,141,57.21,HIGH
48201,699,296,1243,45537,437,51159,49824,606,1261,43398,1047,50212,1281,41358,45707,43357,57.19,HIGH
49447,42525,48201,699,46940,296,45537,519,437,49824,43359,43398,43363,50212,1281,41358,455,45707,43357,49819,47128,57.19,HIGH
48201,699,296,1243,437,49824,606,1261,43398,50466,1047,50212,50608,1281,41358,43357,45707,57.19,HIGH
699,48201,296,1243,45537,437,49824,606,1261,43398,1047,50212,50608,1281,41358,45707,43357,141,57.19,HIGH
48201,699,296,1243,45537,437,49824,606,1261,43398,1047,50212,1281,41358,45707,43357,141,57.19,HIGH
48201,699,296,1243,45537,437,49824,606,1261,43398,50466,1047,50212,1281,41358,43357,45707,57.17,HIGH
289,296,1243,45537,559,437,41323,757,41111,877,290,1047,1662,48158,45707,42773,57.16,HIGH
49447,42525,48201,699,296,45537,519,437,49824,43398,43359,43363,1093,50212,1281,41358,455,45707,43357,49819,47128,57.14,HIGH
699,48201,296,1243,437,49824,606,1261,43398,1047,50212,50608,1281,41358,45707,43357,57.13,HIGH
699,48201,296,1243,45537,437,49824,606,1261,43398,1047,50212,1281,41358,45707,43357,141,57.13,HIGH
48201,699,296,1243,45537,437,49824,606,1261,1047,50212,1281,41358,43357,45707,141,57.13,HIGH
699,48201,296,1243,45537,437,49824,606,1261,43398,50466,1047,50212,1281,41358,43357,45707,57.1,MEDIUM
296,45537,519,437,45546,585,43369,43359,43398,50466,48519,1047,43363,1093,43357,141,49819,57.08,MEDIUM
699,68,296,1243,437,49824,41353,42711,50608,1281,41358,1003,45707,43357,985,57.08,MEDIUM
49184,41304,46390,45537,754,42707,41259,47488,47346,42652,43398,45195,1047,48185,45340,41683,1144,41286,763,43357,57.05,MEDIUM
48201,699,296,52894,1243,437,49824,52070,52089,50466,1047,50212,52935,50608,1281,443,141,49819,57.03,MEDIUM
49184,50776,41304,46390,45537,42707,41259,47488,47346,42652,43398,45195,1047,48185,45340,41683,50459,1144,41286,763,43357,57.01,MEDIUM
41418,49184,46940,41304,46390,45537,42707,41259,47488,47346,42652,43398,45195,1047,48185,45340,41683,1144,50459,43357,57.0,MEDIUM
699,48201,46940,296,1243,45537,437,49824,606,43398,1047,50212,1281,41358,45707,43357,57.0,MEDIUM
48201,699,296,1243,437,49824,43515,1261,43398,290,1047,50212,1281,41358,43357,45707,57.0,MEDIUM
48201,699,296,1243,45537,437,49824,606,1261,1047,50212,1281,41358,43357,45707,141,56.99,MEDIUM
296,1243,45537,519,437,51159,45546,585,43369,43359,43398,50466,43363,1662,43357,141,49819,56.95,MEDIUM
48201,699,296,1243,45537,437,49824,606,1261,43398,1047,50212,1281,41358,43357,45707,141,56.95,MEDIUM
699,48201,296,1243,45537,437,49824,606,47343,43398,1047,50212,1281,41358,45707,43357,141,56.94,MEDIUM
49447,42525,296,45537,519,437,585,43359,43398,814,50471,1047,43363,1662,50421,158,455,43357,49819,47128,56.93,MEDIUM
699,48201,296,1243,45537,437,49824,606,1261,43398,1047,50212,1281,41358,45707,43357,56.93,MEDIUM
42791,49184,41304,46390,45537,42707,41259,47488,47346,42652,43398,45195,1047,48185,45340,41683,1144,41286,763,43357,56.91,MEDIUM
48201,699,296,1243,437,49824,606,1261,43398,50466,1047,50212,50608,1281,41358,45707,43357,56.89,MEDIUM
49184,41304,46390,754,45537,41259,47488,47346,42652,43398,45195,1047,48185,45340,1093,41683,1144,41286,46667,43357,56.87,MEDIUM
41418,49184,50776,41304,46390,45537,41259,47488,47346,42652,43398,45195,1047,48185,45340,41683,1144,763,46667,43357,56.82,MEDIUM
48201,699,296,1243,45537,437,49824,606,1261,43398,1047,50212,1281,41358,45707,43357,141,56.8,MEDIUM
699,296,1243,45537,437,49824,606,1261,43398,1047,50212,1281,41358,45707,43357,141,56.8,MEDIUM
42791,49184,41304,46390,45537,42707,41259,47488,47346,42652,43398,45195,1047,48185,45340,41683,50459,1144,41286,763,43357,56.8,MEDIUM
896,296,45537,519,437,45546,585,43369,43359,43398,50466,48519,43363,1093,43357,141,49819,56.79,MEDIUM
49184,41304,46390,45537,42707,41259,47488,47346,42652,43398,45195,1047,48185,45340,1144,50459,41286,43357,141,56.77,MEDIUM
41418,49184,41304,46390,45537,42707,41259,47488,47346,42652,43398,45195,1047,48185,45340,1093,1144,41286,763,43357,56.77,MEDIUM
699,48201,296,1243,45537,437,49824,606,1261,1047,50212,1281,41358,43357,45707,141,56.75,MEDIUM
49447,42525,699,48201,296,45537,519,437,49824,585,43359,43398,43363,50212,1281,41358,455,45707,43357,141,49819,56.74,MEDIUM
699,48201,296,1243,45537,437,49824,606,1261,43398,1047,50212,1281,41358,45707,43357,141,56.74,MEDIUM
699,48201,296,1243,45537,437,49824,606,1261,43398,50466,1047,50212,1281,41358,45707,43357,141,56.73,MEDIUM
699,48201,296,1243,45537,437,49824,51159,606,1261,43398,1047,50212,1281,41358,43357,45707,141,56.71,MEDIUM
699,296,1243,45537,437,49824,606,1261,43398,42711,1047,1281,41358,1003,45707,43357,56.7,MEDIUM
48201,699,296,52894,1243,437,49824,52070,606,1261,52089,50466,1047,50212,52935,50608,1281,49819,56.69,MEDIUM
296,1243,519,437,585,43398,43359,42711,1047,43363,1662,1093,41358,1003,43357,45707,56.69,MEDIUM
41418,49184,41304,46390,45537,41259,47488,47346,42652,43398,45195,1047,48185,45340,1093,50459,1144,41286,763,43357,56.68,MEDIUM
49184,41304,46390,45537,42707,41259,47488,47346,42652,43398,45195,1047,48185,45340,41683,1144,50459,41286,763,43357,56.67,MEDIUM
48201,699,296,1243,45537,437,49824,606,43398,1047,50212,50608,1281,41358,45707,43357,56.66,MEDIUM
48201,699,296,52894,1243,437,49824,52070,606,1261,47343,52089,1047,50212,52935,50608,1281,56.66,MEDIUM
49184,41304,46390,45537,42707,41259,47488,47346,42652,43398,45195,1047,48185,45340,41683,50459,1144,41286,46667,43357,56.66,MEDIUM
48201,699,296,52894,1243,437,49824,52070,606,46710,47346,52089,1047,50212,1093,50608,1281,49819,56.62,MEDIUM
48201,699,296,1243,45537,437,51159,49824,606,1261,43398,1047,50212,1281,41358,45707,43357,56.61,MEDIUM
699,48201,45930,296,1243,45537,437,49824,606,1261,43398,1047,50212,41358,45707,43357,141,56.61,MEDIUM
699,48201,68,296,1243,437,49824,606,1261,1047,50212,50608,1281,41358,43357,45707,56.6,MEDIUM
48201,699,296,1243,45537,437,49824,606,1261,43398,1047,50212,1281,41358,45707,43357,141,56.59,MEDIUM
48886,47855,47840,48536,49184,47924,52790,47841,48983,48700,47842,734,912,49161,48185,48552,49356,763,56.58,MEDIUM
48201,699,296,1243,45537,437,49824,606,1261,43398,1047,50212,1281,41358,43357,45707,141,56.58,MEDIUM
41418,45287,46390,46445,45537,42707,47488,41323,47346,42652,43398,45340,1093,43473,42818,50459,1144,41286,43357,56.57,MEDIUM
48201,699,296,1243,45537,437,49824,606,43398,1047,50212,50608,1281,41358,43357,45707,141,56.57,MEDIUM
48201,699,296,1243,437,49824,51159,606,1261,43398,1047,50212,1093,50608,1281,41358,43357,45707,56.55,MEDIUM
49184,41304,46390,45537,42707,41259,47488,47346,42652,43398,45195,1047,48185,45340,41683,1144,50459,41286,763,46667,43357,56.53,MEDIUM
48201,699,296,1243,45537,437,49824,606,1261,43398,1047,50212,1281,41358,45707,43357,141,56.52,MEDIUM
48201,699,41247,296,1243,45537,437,49824,606,43398,1047,50212,1281,41358,43357,45707,56.51,MEDIUM
48201,699,296,1243,45537,437,49824,606,1261,43398,50466,1047,50212,50608,1281,41358,43357,45707,56.48,MEDIUM
41418,49184,50776,46940,41304,46390,45537,754,41259,47488,47346,42652,43398,45195,1047,48185,45340,1093,1144,50459,43357,56.45,MEDIUM
49184,41304,46390,45537,754,42707,41259,47488,47346,42652,43398,45195,1047,48185,45340,1093,1144,50459,41286,763,43357,56.38,MEDIUM
699,48201,46940,296,52894,1243,437,51159,49824,606,1261,1047,50212,52935,50608,1281,56.36,MEDIUM
48201,699,296,1243,45537,437,49824,606,1261,43398,1047,50212,1281,41358,45707,43357,141,56.35,MEDIUM
48201,699,296,1243,45537,437,49824,606,1261,43398,1047,50212,1281,41358,45707,43357,141,56.34,MEDIUM
699,48201,46940,296,52894,1243,437,49824,52070,606,1261,47343,52089,1047,50212,52935,1281,49819,56.29,MEDIUM
699,48201,296,1243,45537,437,49824,606,1261,43398,1047,50212,1281,41358,45707,43357,56.29,MEDIUM
296,1243,45537,519,437,45546,585,43369,43359,43398,50466,48519,1047,43363,1093,455,43357,141,49819,56.23,MEDIUM
48201,699,296,1243,45537,437,49824,606,1261,43398,1047,50212,50608,1281,41358,45707,43357,56.23,MEDIUM
48201,699,296,1243,45537,437,49824,606,43398,1047,50212,1281,41358,45707,43357,141,56.18,MEDIUM
48201,699,296,1243,45537,437,49824,606,1261,43398,1047,50212,1281,41358,45707,43357,141,56.17,MEDIUM
48201,699,296,1243,45537,437,49824,606,1261,43398,1047,50212,1281,41358,43357,45707,141,56.17,MEDIUM
48201,699,296,1243,45537,437,49824,51159,606,1261,43398,1047,50212,1281,41358,43357,45707,56.14,MEDIUM
47855,52081,49184,47924,52790,437,49824,52070,47488,52082,52089,50466,814,1047,48185,50608,49819,47128,56.13,MEDIUM
48886,47855,48772,48536,52081,49184,47924,52790,47841,48529,48983,47488,47842,49161,48185,48552,49356,46667,56.12,MEDIUM
45287,49184,50776,46390,46445,41096,45537,42707,531,47488,734,42652,43398,45340,42818,993,1144,50459,41286,43357,56.12,MEDIUM
699,48201,45930,296,1243,45537,437,49824,606,1261,43398,50466,1047,50212,50608,1281,41358,45707,43357,56.1,MEDIUM
48201,699,296,1243,45537,437,49824,606,1261,43398,1047,50212,50608,1281,41358,45707,43357,56.07,MEDIUM
48201,699,296,1243,45537,437,49824,606,1261,43398,1047,50212,50608,1281,41358,43357,45707,141,56.07,MEDIUM
699,48201,296,1243,437,49824,606,1261,43398,50466,1047,50212,50608,1281,41358,43357,45707,56.07,MEDIUM
699,48201,296,1243,437,51159,49824,606,43398,1047,50212,1281,41358,45707,43357,141,56.06,MEDIUM
42525,296,45537,519,437,45546,46450,43369,43359,43398,50466,48519,1047,43363,1662,1093,43357,141,49819,47128,56.03,MEDIUM
699,296,1243,559,437,49824,606,43398,50466,290,42711,41263,50608,1281,41358,1003,45707,43357,56.02,MEDIUM
48201,699,296,1243,437,49824,606,1261,43398,1047,50212,50608,1281,41358,43357,45707,141,56.02,MEDIUM
46390,45537,519,42707,437,47488,47346,585,43359,43398,814,1047,43363,1093,1144,50459,43357,141,49819,47128,56.02,MEDIUM
699,48201,296,1243,45537,437,49824,606,1261,43398,1047,50212,1281,41358,43357,45707,141,56.01,MEDIUM
47855,52081,49184,47924,52790,437,49824,52070,47488,52082,52089,50466,48519,814,1047,48185,50608,49819,55.99,MEDIUM
48886,47855,48536,49184,52790,47841,1243,48529,559,48983,906,47842,49161,48185,48552,49356,985,55.98,MEDIUM
48201,699,296,1243,45537,437,51159,49824,606,43398,1047,50212,1281,41358,43357,141,55.97,MEDIUM
48201,699,46940,296,1243,45537,437,49824,606,1261,43398,50466,1047,50212,50608,1281,41358,45707,43357,55.95,MEDIUM
699,48201,296,1243,45537,437,49824,51159,606,1261,1047,50212,1281,41358,45707,43357,55.92,MEDIUM
48886,47855,47840,48536,49184,52790,47841,1243,559,48983,906,52082,47842,49161,48185,48552,49356,55.87,MEDIUM
48201,699,296,1243,45537,437,49824,606,1261,43398,50466,1047,50212,50608,1281,41358,43357,45707,141,55.83,MEDIUM
699,48201,296,1243,437,49824,51159,606,1261,43398,1047,50212,50608,1281,41358,45707,43357,141,55.83,MEDIUM
48201,699,296,1243,45537,437,49824,606,1261,43398,1047,50212,1281,41358,43357,45707,55.8,MEDIUM
699,48201,296,1243,45537,437,49824,606,1261,43398,1047,50212,1281,41358,45707,43357,141,55.77,MEDIUM
699,48201,296,52894,1243,437,49824,606,1261,52089,1047,50212,52935,50608,1281,443,985,55.77,MEDIUM
699,48201,68,296,1243,45537,437,49824,606,1261,43398,1047,50212,1281,41358,43357,45707,55.73,MEDIUM
49447,48201,42525,699,296,519,437,49824,585,43359,43398,814,43363,50212,1281,41358,455,45707,43357,49819,55.71,MEDIUM
42525,296,45537,519,437,45546,585,46450,43369,43398,43359,50466,48519,1047,43363,1662,1093,43357,141,49819,55.7,MEDIUM
699,48201,296,1243,45537,437,49824,606,1261,43398,1047,50212,1281,41358,43357,45707,141,55.63,MEDIUM
49447,699,48201,42525,46940,296,519,437,49824,585,43359,43398,43363,50212,1281,41358,455,45707,43357,49819,47128,55.62,MEDIUM
699,48201,296,1243,437,49824,606,1261,43398,50466,1047,50212,50608,1281,41358,45707,43357,55.61,MEDIUM
48201,699,296,1243,437,49824,606,43398,50466,1047,50212,50608,1281,41358,45707,43357,55.6,MEDIUM
296,1243,437,49824,41353,50466,42711,45265,50608,1281,41358,1003,43357,45707,985,55.55,MEDIUM
41418,49184,41304,46390,45537,42707,41259,47488,47346,42652,43398,45195,1047,48185,45340,1093,1144,50459,763,43357,55.55,MEDIUM
699,48201,296,1243,437,49824,606,1261,43398,1047,50212,50608,1281,41358,45707,43357,55.53,MEDIUM
699,48201,296,1243,45537,437,49824,51159,606,1261,43398,1047,50212,1281,41358,45707,43357,55.53,MEDIUM
48201,699,296,52894,1243,437,49824,606,52089,1047,50212,52935,50608,1281,985,49819,55.52,MEDIUM
699,48201,296,1243,45537,437,49824,606,1261,43398,1047,50212,1281,41358,45707,43357,55.5,MEDIUM
699,48201,296,1243,45537,437,49824,606,1261,43398,1047,50212,1281,41358,45707,43357,141,55.48,MEDIUM
699,48201,46940,52894,1243,437,49824,52070,606,46710,52089,48519,1047,50212,1093,50608,49819,55.46,MEDIUM
48886,47855,47840,48536,52081,49184,47924,52790,437,49824,52082,47842,52089,48519,1047,48185,49819,55.44,MEDIUM
699,296,1243,559,437,49824,606,43398,50466,290,42711,50608,1281,41358,1003,45707,43357,55.42,MEDIUM
48201,699,296,52894,1243,437,49824,52070,606,1261,47343,52089,1047,50212,52935,50608,1281,49819,55.41,MEDIUM
48201,699,296,1243,45537,437,49824,606,1261,43398,1047,50212,1281,41358,43357,45707,141,55.41,MEDIUM
896,296,45537,519,437,45546,585,43369,43398,43359,50466,48519,1047,43363,1093,43357,141,49819,55.39,MEDIUM
48201,699,296,1243,437,49824,606,43398,1047,50212,50608,1281,41358,43357,45707,141,55.36,MEDIUM
49447,699,42525,48201,296,519,437,49824,585,43359,43398,814,43363,1093,50212,1281,41358,455,45707,43357,49819,55.34,MEDIUM
49447,42525,48201,699,296,519,437,49824,585,43398,43359,814,43363,50212,1281,41358,455,43357,45707,141,49819,55.33,MEDIUM
42791,49184,41304,46390,45537,42707,41259,47488,47346,42652,43398,45195,1047,48185,45340,41683,50459,1144,41286,43357,55.33,MEDIUM
48201,699,296,1243,437,49824,606,1261,43398,50466,1047,50212,50608,1281,41358,45707,43357,55.3,MEDIUM
47855,52081,49184,47924,52790,519,437,49824,52070,47488,52082,585,52089,50466,1047,48185,50608,49819,55.27,MEDIUM
48201,699,296,52894,1243,437,49824,52070,606,1261,52089,1047,50212,52935,50608,1281,49819,55.23,MEDIUM
699,48201,296,1243,437,49824,606,1261,43398,1047,50212,50608,1281,41358,45707,43357,55.2,MEDIUM
49184,41304,46390,754,45537,42707,41259,47488,47346,42652,43398,45195,1047,48185,45340,41683,1144,50459,41286,43357,55.2,MEDIUM
699,48201,296,1243,45537,437,49824,51159,606,43398,1047,50212,50608,1281,41358,45707,43357,141,55.18,MEDIUM
41418,49184,50776,41304,46390,45537,754,41259,47488,47346,42652,43398,45195,1047,48185,45340,1144,41286,46667,43357,55.17,MEDIUM
47855,49184,47924,52790,437,52070,47488,52082,52438,52089,50466,251,48519,48185,1093,52307,49819,55.16,MEDIUM
699,48201,45930,296,1243,437,49824,606,1261,43398,50466,1047,50212,50608,1281,41358,45707,43357,55.15,MEDIUM
289,296,1243,45537,559,437,724,41323,41111,47077,877,41309,290,1047,1662,48158,45707,42773,55.14,MEDIUM
48201,699,296,1243,45537,437,49824,606,1261,43398,1047,50212,1281,41358,43357,45707,141,55.13,MEDIUM
699,296,1243,437,49824,1261,41353,50466,42711,50608,1281,41358,1003,45707,43357,55.11,MEDIUM
699,48201,296,1243,437,49824,606,1261,43398,290,1047,50212,50608,1281,41358,43357,45707,55.09,MEDIUM
49184,50776,46940,41304,46390,45537,754,41259,47488,47346,42652,43398,45195,1047,48185,45340,1093,41683,1144,43357,55.08,MEDIUM
699,48201,46940,296,1243,45537,437,49824,606,1261,43398,1047,50212,1281,41358,45707,43357,55.07,MEDIUM
699,48201,296,1243,45537,437,49824,606,1261,43398,1047,50212,41358,45707,43357,141,55.04,MEDIUM
699,48201,296,52894,1243,437,49824,606,1261,1047,1093,50212,52935,50608,1281,141,55.03,MEDIUM
48201,699,296,1243,437,49824,606,1261,43398,50466,1047,50212,50608,1281,41358,45707,43357,55.01,MEDIUM
699,48201,296,1243,45537,437,49824,51159,606,43398,1047,50212,1281,41358,43357,45707,141,55.01,MEDIUM
48201,699,296,1243,437,49824,606,1261,43398,290,1047,50212,50608,1281,41358,45707,43357,55.01,MEDIUM
49447,48201,42525,699,296,45537,519,437,49824,585,43359,43398,43363,50212,1281,41358,455,43357,45707,141,49819,54.98,LOW
48201,699,296,1243,45537,437,49824,606,1261,43398,1047,50212,1281,41358,45707,43357,141,54.98,LOW
699,48201,296,1243,45537,437,49824,606,1261,43398,1047,50212,1281,41358,45707,43357,141,54.95,LOW
48201,699,296,1243,45537,437,49824,606,1261,43398,1047,50212,1281,41358,43357,45707,141,54.95,LOW
699,48201,296,1243,45537,437,49824,51159,606,43398,1047,50212,1281,41358,45707,43357,54.91,LOW
41418,49184,41304,46390,754,45537,41259,47488,47346,42652,1261,43398,45195,1047,48185,45340,1093,41683,50459,763,43357,54.89,LOW
49184,41304,46390,45537,42707,41259,47488,47346,734,42652,43398,45195,1047,48185,45340,41683,1144,50459,41286,763,43357,54.88,LOW
699,48201,296,1243,45537,437,49824,606,1261,43398,1047,50212,1281,41358,45707,43357,141,54.83,LOW
47855,52081,49184,47924,52790,437,49824,52070,47488,52082,47842,52089,50466,1047,48185,50608,49819,54.81,LOW
49447,46940,296,1243,519,437,52070,585,52089,50466,814,1047,1093,52091,52076,141,49819,47128,54.76,LOW
699,48201,296,1243,45537,437,49824,606,1261,43398,1047,50212,50608,1281,41358,45707,43357,54.67,LOW
42791,41304,46390,45537,42707,41259,47488,47346,42652,43398,45195,1047,48185,45340,41683,1144,41286,763,43357,54.65,LOW
699,48201,296,52894,437,49824,52070,1261,52089,50466,51380,50212,52935,50608,1281,49819,54.65,LOW
47855,52081,49184,47924,52790,437,49824,52070,47488,52082,52089,50466,48519,1047,48185,50608,49819,54.58,LOW
48201,699,296,1243,45537,437,51159,49824,606,1261,43398,1047,50212,1281,41358,45707,43357,54.58,LOW
289,296,1243,45537,559,437,41111,877,41309,290,42711,1047,1662,48158,994,45707,42773,54.41,LOW
48201,699,296,1243,45537,437,49824,51159,606,1261,43398,1047,50212,1281,41358,45707,43357,141,54.4,LOW
289,296,1243,45537,559,437,724,41323,41111,877,41309,290,1047,1662,48158,45707,42773,54.36,LOW
47855,52081,49184,47924,52790,437,49824,52070,47488,906,52082,52089,50466,1047,48185,50608,49819,54.35,LOW
48201,699,296,1243,45537,437,49824,606,43398,290,1047,50212,1281,41358,43357,45707,54.35,LOW
289,296,1243,45537,437,724,41323,41111,877,41309,290,1047,1662,48158,42773,45707,54.33,LOW
48201,699,296,1243,45537,437,49824,606,1261,43398,1047,50212,1281,41358,43357,45707,141,54.33,LOW
289,296,1243,45537,559,437,724,41323,41111,47077,877,41309,290,42711,1047,1662,48158,45707,42773,54.31,LOW
48201,699,296,1243,45537,437,49824,606,1261,43398,1047,50212,1281,41358,43357,45707,54.31,LOW
48201,699,296,1243,45537,437,49824,606,43398,1047,50212,1281,41358,43357,45707,141,54.3,LOW
41418,45287,46390,46445,754,45537,42707,41323,47488,47346,46450,42652,43398,394,45340,1093,42818,41683,1144,50459,41286,43357,54.29,LOW
289,296,1243,45537,559,437,724,41323,41111,47077,877,41309,290,1047,1662,48158,45707,42773,54.29,LOW
48886,47855,48536,52081,49184,47924,52790,48529,47488,47856,52082,47842,52089,48185,49356,52288,49819,54.28,LOW
699,48201,296,1243,45537,437,49824,606,1261,43398,50212,1281,41358,45707,43357,141,54.27,LOW
47855,48772,48536,52081,49184,47924,52790,48983,52082,47842,49161,1047,48185,48552,49356,52288,47781,54.27,LOW
48886,49164,47855,48772,48536,49184,52790,47841,48529,48983,47488,906,47842,49161,48185,48552,49356,54.23,LOW
699,48201,296,1243,437,49824,606,1261,290,1047,52935,50608,1281,1003,985,54.22,LOW
48201,699,296,1243,437,49824,606,1261,43398,42711,1047,50212,1281,41358,45707,43357,141,54.21,LOW
699,48201,296,1243,437,49824,606,1261,43398,290,1047,50212,50608,1281,41358,43357,45707,54.21,LOW
48886,47855,52081,49184,47924,52790,47841,437,52070,47488,906,52082,47842,52089,50466,48185,46667,49819,47128,54.12,LOW
48886,47855,47840,48536,52081,49184,47924,52790,49824,47488,52082,47842,1047,48185,48552,49356,52288,54.01,LOW
47855,52081,49184,47924,52790,1243,52070,47488,52082,912,1014,52089,50466,1047,48185,1662,1093,46667,52076,49819,53.99,LOW
47855,52081,49184,46940,47924,52790,1243,437,49824,52070,47488,906,52082,52089,1047,48185,50608,49819,53.92,LOW
699,48201,296,1243,45537,437,49824,606,43398,1047,50212,1281,41358,45707,43357,141,53.9,LOW
48201,699,47930,296,1243,437,49824,606,1261,43398,1047,50212,50608,1281,41358,45707,43357,53.87,LOW
41418,49184,41304,46390,45537,41259,47488,47346,42652,43398,41366,45195,1047,48185,45340,1093,1144,50459,763,43357,53.87,LOW
47855,52081,49184,47924,52790,1243,437,49824,52070,47488,906,52082,52089,50466,1047,48185,50608,49819,53.85,LOW
48201,699,296,1243,45537,437,49824,606,1261,43398,1047,50212,50608,1281,41358,45707,43357,141,53.83,LOW
46940,296,1243,45537,519,437,41350,45546,585,43369,43359,43398,50466,48519,1047,43363,1093,43357,49819,53.78,LOW
42791,49184,41304,46390,45537,754,41259,47488,47346,42652,43398,45195,1047,48185,45340,1144,50459,41286,763,43357,53.78,LOW
48201,699,296,1243,45537,437,49824,606,1261,43398,50466,1047,50212,1281,41358,43357,45707,141,53.76,LOW
41418,45287,49184,46390,46445,45537,42707,41323,47488,47346,42652,43398,45340,1093,42395,42818,1144,50459,41286,43357,53.74,LOW
49184,41304,46390,45537,42707,41259,47488,47346,42652,43398,45195,1047,48185,45340,41683,1144,41286,763,43357,53.7,LOW
48201,699,296,1243,437,49824,51159,606,1261,43398,1047,50212,50608,1281,41358,45707,43357,53.69,LOW
699,48201,296,1243,45537,437,49824,51159,606,1261,43398,1047,50212,1281,41358,45707,43357,141,53.61,LOW
48886,47855,52081,49184,47924,52790,48529,48983,47488,52082,47842,52089,1047,48185,48552,49356,52288,49819,53.56,LOW
48201,699,296,1243,45537,437,49824,51159,606,1261,43398,1047,50212,1281,41358,43357,45707,141,53.55,LOW
48201,699,296,1243,437,49824,606,1261,43398,1047,50212,1281,41358,43357,45707,985,141,53.48,LOW
48886,47855,47840,48536,52081,49184,47924,52790,1243,437,52082,47842,52089,48519,1047,48185,52076,49819,53.43,LOW
47855,52081,49184,47924,52790,52894,1243,437,49824,52070,47488,52082,52089,48519,1047,48185,50608,49819,53.27,LOW
699,48201,296,1243,45537,437,49824,51159,606,1261,43398,1047,50212,1281,41358,45707,141,53.26,LOW
296,45537,519,437,45546,585,43369,43398,43359,50466,48519,1047,43363,1093,43357,141,49819,53.22,LOW
289,296,1243,45537,559,437,724,41323,47077,877,41309,290,42711,1047,1662,48158,994,42773,45707,53.15,LOW
699,48201,46940,296,1243,45537,437,51159,49824,606,43398,1047,50212,1281,41358,43357,53.14,LOW
699,48201,296,1243,45537,437,49824,606,1261,43398,1047,50212,1281,41358,45707,43357,141,53.13,LOW
47855,52081,49184,47924,52790,52894,1243,437,49824,52070,47488,52082,48519,1047,48185,50608,49819,53.08,LOW
49184,896,52894,519,437,52070,585,749,52438,52089,50466,48519,814,50471,1662,1093,52091,52076,49819,53.05,LOW
699,48201,296,1243,45537,437,49824,606,1261,43398,1047,50212,50608,1281,41358,45707,43357,53.04,LOW
48201,699,296,52894,1243,437,49824,606,1261,47343,52089,50212,1093,52935,50608,1281,49819,53.03,LOW
48886,47855,47840,48536,52081,49184,47924,52790,48770,52894,52070,47488,52082,52089,1047,48185,49356,49819,53.01,LOW
48201,699,296,1243,45537,437,49824,606,1261,43398,1047,50212,1281,41358,43357,45707,141,52.88,LOW
699,48201,46940,296,1243,437,49824,51159,606,43398,1047,50212,50608,1281,41358,45707,43357,52.87,LOW
48201,699,296,1243,45537,437,49824,606,1261,43398,1047,50212,1281,41358,45707,43357,141,52.87,LOW
47855,52081,49184,47924,52790,437,52070,47488,906,52082,52089,50466,48519,1047,48185,1093,52307,49819,52.86,LOW
48201,699,296,1243,45537,437,49824,606,1261,43398,1047,50212,1281,41358,43357,45707,141,52.85,LOW
47855,52081,49184,46940,47924,52790,1243,49824,52070,47488,52082,52438,52089,48185,1662,52091,52076,141,49819,52.84,LOW
289,296,1243,45537,559,437,724,41323,41111,877,41309,290,1047,1662,48158,42773,45707,52.83,LOW
48201,699,296,1243,437,49824,606,1261,50466,1047,50212,50608,1281,41358,45707,43357,52.79,LOW
48886,47855,52081,49184,47924,52790,52070,47488,52082,52089,50466,1047,48185,1662,49356,52076,49819,52.76,LOW
699,48201,296,1243,437,51159,49824,606,1261,43398,1047,50212,50608,1281,41358,45707,43357,52.75,LOW
48201,41354,46940,296,389,1243,45537,42707,648,49824,50659,43398,1047,1281,41358,43357,47256,52.73,LOW
47855,52081,49184,47924,52790,1243,437,52070,47488,52082,1014,52089,50466,1047,48185,1662,49356,46667,52076,49819,52.72,LOW
48201,699,296,1243,45537,437,49824,606,1261,43398,1047,50212,1281,41358,43357,45707,141,52.71,LOW
699,48201,296,1243,45537,437,49824,606,1261,43398,1047,50212,1281,41358,43357,45707,141,52.71,LOW
296,52954,1243,519,581,437,52070,585,877,52089,48519,1662,1093,50212,436,52091,52076,49819,52.7,LOW
47855,52081,49184,47924,52790,437,49824,52070,47488,52082,585,52089,50466,1047,48185,50608,49819,47128,52.53,LOW
48201,699,296,1243,45537,437,49824,51159,606,43398,1047,50212,1281,41358,43357,141,52.5,LOW
47855,52081,49184,46940,47924,52790,1243,437,49824,52070,47488,906,52082,52089,48519,48185,50608,49819,52.46,LOW
48201,699,296,1243,45537,437,49824,51159,606,43398,1047,50212,1281,41358,45707,43357,141,52.39,LOW
49447,699,48201,42525,296,45537,519,437,49824,585,43359,43398,814,43363,50212,1281,41358,45707,43357,141,49819,52.25,LOW
46940,296,52954,1243,581,437,52070,877,52089,50466,48519,1047,1093,436,52091,52870,52076,49819,52.21,LOW
699,48201,296,437,49824,606,1261,43398,42711,1047,50212,1281,41358,45707,43357,49269,52.02,LOW
699,48201,296,1243,45537,437,49824,51159,606,1261,43398,1047,50212,1281,41358,45707,43357,52.02,LOW
48201,699,50776,46940,52894,1243,519,437,49824,46710,47346,52089,48519,1047,1093,50212,50608,49819,52.01,LOW
47855,52081,49184,47924,52790,1243,437,49824,52070,47488,906,52082,52089,50466,1047,48185,50608,46667,49819,51.91,LOW
48886,47855,48536,52081,49184,47924,52790,48529,48983,47488,52082,47842,52089,1047,48185,49356,52288,49819,51.82,LOW
41418,45930,49184,46940,41304,45537,754,41259,47488,47346,42652,43398,45195,1047,48185,41683,763,46667,43357,51.81,LOW
699,296,1243,559,437,49824,606,1261,43398,50466,290,42711,50608,1281,41358,1003,45707,43357,51.77,LOW
48201,699,896,296,1243,437,49824,52070,1261,52089,50466,1047,50212,52935,50608,1281,141,49819,51.69,LOW
699,48201,296,1243,45537,437,49824,51159,606,1261,43398,1047,50212,1281,41358,45707,43357,51.57,LOW
47855,52081,49184,46940,47924,52790,437,49824,52070,47488,52082,52089,50466,1047,48185,50608,49819,51.53,LOW
47855,52081,49184,47924,52790,50443,52894,52070,47488,47856,52082,48519,47557,1047,48185,1093,52288,49819,51.31,LOW
42525,48201,699,46940,296,519,437,49824,585,43359,43398,43363,50212,1281,41358,455,45707,43357,49819,47128,51.31,LOW
699,48201,296,437,49824,606,47343,43398,1047,50212,1093,50608,1281,41358,45707,43357,51.19,LOW
46940,296,52954,1243,581,437,52070,877,52089,50466,48519,1047,50212,1093,436,52091,52076,49819,51.18,LOW
48886,47855,48772,48536,52081,49184,47924,52790,48770,48983,52082,47842,52089,49161,1047,48185,49819,51.08,LOW
48201,699,296,1243,45537,437,49824,51159,606,1261,43398,1047,50212,1281,41358,43357,45707,141,51.0,LOW
296,1243,45537,559,437,724,41323,41111,877,41309,290,1047,1662,48158,45707,42773,50.97,LOW
48886,47855,47840,48536,49184,47924,52790,437,49824,52082,47842,52089,48519,1047,48185,49819,50.95,LOW
46940,296,52954,1243,581,437,52070,877,52089,50466,48519,1047,1093,50212,436,292,52091,52076,49819,50.94,LOW
48201,699,296,1243,437,49824,51159,1261,43398,50466,1093,50212,1281,41358,45707,43357,49819,50.92,LOW
47855,52081,49184,47924,52790,437,49824,52070,47488,906,52082,52089,814,1047,48185,50608,49819,47128,50.91,LOW
46102,49184,45537,42707,437,585,46450,41935,43359,43398,251,47142,48519,50471,43363,1662,1093,42818,41683,43357,49819,50.8,LOW
289,296,1243,45537,559,437,41323,41111,877,41309,290,1047,1662,48158,45707,42773,670,50.65,LOW
48886,47855,47840,52081,49184,47924,52790,49824,47488,52082,47842,1047,48185,1093,48552,49356,52288,49819,50.57,LOW
47840,46940,296,52954,581,437,52070,585,877,52089,50466,50212,1093,436,52091,52076,141,49819,50.38,LOW
48201,699,296,1243,437,49824,51159,606,1261,43398,1047,50212,50608,1281,41358,45707,43357,141,50.19,LOW
47855,52081,49184,47924,52790,437,49824,52070,47488,52082,52089,50466,48519,1047,48185,1662,49819,49.96,LOW
46940,296,52954,1243,581,437,52070,877,52089,50466,48519,1047,50212,1093,436,52091,52076,49819,49.87,LOW
47855,52081,49184,47924,52790,437,49824,52070,47488,906,52082,52089,48519,1047,48185,1093,52307,49819,49.58,LOW
47840,296,52954,1243,581,437,52070,877,52089,50466,48519,50212,1093,436,52091,52076,141,49819,49.54,LOW
49447,296,52894,519,437,49824,52072,50659,585,877,52089,814,1047,1662,1093,455,52091,52076,49819,49.26,LOW
46940,296,52954,1243,581,52070,585,877,52089,50466,48519,1047,1093,50212,436,292,52091,52076,141,49819,49.24,LOW
46940,296,52954,1243,581,437,52070,585,877,52089,50466,48519,1093,50212,436,52091,52076,49819,48.98,LOW
48201,699,46940,52894,1243,53099,437,49824,52072,46710,606,50659,52089,50466,1047,50212,1093,50608,49819,48.93,LOW
47840,296,52954,1243,519,581,437,52070,585,877,52089,50466,1093,436,52091,52076,141,48.93,LOW
296,1243,45537,559,437,41323,47077,877,290,42711,1047,1662,48158,994,45707,42773,48.75,LOW
48201,699,49184,41304,45537,42707,437,41259,47346,42652,43398,41353,45195,48185,45340,45707,43357,48.06,LOW
47855,52081,49184,47924,52790,437,49824,52070,47488,906,52082,52438,912,52089,48519,48185,50608,52288,49819,47.48,LOW
41247,1243,437,49824,1261,43359,43398,41353,42711,1047,50212,1281,41358,41363,45707,43357,47.16,LOW
834,41418,49184,754,45537,581,559,42707,531,46678,41929,47488,41323,43398,50412,1047,47241,51816,41683,141,46.81,LOW
46940,296,52954,52894,437,49824,52072,52070,50659,877,52089,50466,47142,50608,436,52091,52076,49819,46.4,LOW
48886,47855,47840,52081,49184,47924,52790,437,906,52082,47842,52089,48519,1047,48185,51733,49356,49819,46.09,LOW
48201,46940,52894,53099,437,648,52072,49824,46710,606,50659,52089,50466,1047,50212,50608,141,49819,45.44,LOW
46940,296,52954,1243,581,437,52070,531,877,52089,50466,1047,1093,50212,436,52091,52076,49819,43.33,LOW
49184,50776,41304,46390,45537,42707,437,41259,47488,47346,42652,43398,45195,1047,48185,45340,1144,763,46667,43357,42.18,LOW
